,numero,nombre,puestos,numero celular,estado,capital,aporte a multas,multas extra,anotaciones generales,cuotas,multas,tesorero,revisiones,anotaciones de cuotas,r1 boletas,r1 deudas,r2 boletas,r2 deudas,r3 boletas,r3 deudas,r4 boletas,r4 deudas,anotaciones de rifas,prestamos hechos,dinero en prestamos,dinero por si mismo,dinero por intereses vencidos,p1 estado,p1 prestamo,p1 fechas de pago,p2 estado,p2 prestamo,p2 fechas de pago,p3 estado,p3 prestamo,p3 fechas de pago,p4 estado,p4 prestamo,p4 fechas de pago,p5 estado,p5 prestamo,p5 fechas de pago,p6 estado,p6 prestamo,p6 fechas de pago,p7 estado,p7 prestamo,p7 fechas de pago,p8 estado,p8 prestamo,p8 fechas de pago,p9 estado,p9 prestamo,p9 fechas de pago,p10 estado,p10 prestamo,p10 fechas de pago,p11 estado,p11 prestamo,p11 fechas de pago,p12 estado,p12 prestamo,p12 fechas de pago,p13 estado,p13 prestamo,p13 fechas de pago,p14 estado,p14 prestamo,p14 fechas de pago,p15 estado,p15 prestamo,p15 fechas de pago,p16 estado,p16 prestamo,p16 fechas de pago,deudas por fiador,fiador de,anotaciones de prestamos
0,0,ricardo zamora forero,5,3142281240,activo,400000,0,0,modificar anotacion: $ 0_(2025/01/14 // 03-08) no vino a reunion: $ 0,ppppnnnnnnnnnnnnnnnnnnnnnnnnnnnnnnnnnnnnnnnnnnnnnn,nnnnnnnnnnnnnnnnnnnnnnnnnnnnnnnnnnnnnnnnnnnnnnnnnn,1111nnnnnnnnnnnnnnnnnnnnnnnnnnnnnnnnnnnnnnnnnnnnnn,2,n,n,0,n,0,n,0,n,0,n,2,20000000,19996048,300000,no activo,3_0_0_10000000_1976_0,2025/02/14_2025/03/14_2025/04/14_2025/05/14_2025/06/14_2025/07/14_2025/08/14_2025/09/14_2025/10/14_2025/11/14,no activo,3_0_0_10000000_1976_0,2025/02/14_2025/03/14_2025/04/14_2025/05/14_2025/06/14_2025/07/14_2025/08/14_2025/09/14_2025/10/14_2025/11/14,activo,0_0_0_0_n_n,n,activo,0_0_0_0_n_n,n,activo,0_0_0_0_n_n,n,activo,0_0_0_0_n_n,n,activo,0_0_0_0_n_n,n,activo,0_0_0_0_n_n,n,activo,0_0_0_0_n_n,n,activo,0_0_0_0_n_n,n,activo,0_0_0_0_n_n,n,activo,0_0_0_0_n_n,n,activo,0_0_0_0_n_n,n,activo,0_0_0_0_n_n,n,activo,0_0_0_0_n_n,n,activo,0_0_0_0_n_n,n,0,n,"(2025/01/14 02:48) la revison para solicitud de un prestamo ha sido violada el_(2025/01/14 02:53) la revison para solicitud de un prestamo ha sido violada el_( 2025/01/14 - 02:53 ) Se ha concedido un prestamo por 10,000,000 (de) pesos, el prestamo esta almacenado en la ranura № 1 se cuenta como fiadores a (1976) con deudas de (0)._(2025/01/14 03:01) la revison para solicitud de un prestamo ha sido violada el_( 2025/01/14 - 03:01 ) Se ha concedido un prestamo por 10,000,000 (de) pesos, el prestamo esta almacenado en la ranura № 2 se cuenta como fiadores a (1976) con deudas de (0)."
1,1,lorena  zamora ,2,n,activo,40000,0,0,n,ppnnnnnnnnnnnnnnnnnnnnnnnnnnnnnnnnnnnnnnnnnnnnnnnn,nnnnnnnnnnnnnnnnnnnnnnnnnnnnnnnnnnnnnnnnnnnnnnnnnn,11nnnnnnnnnnnnnnnnnnnnnnnnnnnnnnnnnnnnnnnnnnnnnnnn,1,n,n,0,n,0,n,0,n,0,n,0,0,0,0,activo,0_0_0_0_n_n,n,activo,0_0_0_0_n_n,n,activo,0_0_0_0_n_n,n,activo,0_0_0_0_n_n,n,activo,0_0_0_0_n_n,n,activo,0_0_0_0_n_n,n,activo,0_0_0_0_n_n,n,activo,0_0_0_0_n_n,n,activo,0_0_0_0_n_n,n,activo,0_0_0_0_n_n,n,activo,0_0_0_0_n_n,n,activo,0_0_0_0_n_n,n,activo,0_0_0_0_n_n,n,activo,0_0_0_0_n_n,n,activo,0_0_0_0_n_n,n,activo,0_0_0_0_n_n,n,0,n,n
2,2,deisy morela,12,n,activo,480000,0,0,n,ppppnnnnnnnnnnnnnnnnnnnnnnnnnnnnnnnnnnnnnnnnnnnnnn,nnnnnnnnnnnnnnnnnnnnnnnnnnnnnnnnnnnnnnnnnnnnnnnnnn,1111nnnnnnnnnnnnnnnnnnnnnnnnnnnnnnnnnnnnnnnnnnnnnn,1,n,n,0,n,0,n,0,n,0,n,0,0,0,0,activo,0_0_0_0_n_n,n,activo,0_0_0_0_n_n,n,activo,0_0_0_0_n_n,n,activo,0_0_0_0_n_n,n,activo,0_0_0_0_n_n,n,activo,0_0_0_0_n_n,n,activo,0_0_0_0_n_n,n,activo,0_0_0_0_n_n,n,activo,0_0_0_0_n_n,n,activo,0_0_0_0_n_n,n,activo,0_0_0_0_n_n,n,activo,0_0_0_0_n_n,n,activo,0_0_0_0_n_n,n,activo,0_0_0_0_n_n,n,activo,0_0_0_0_n_n,n,activo,0_0_0_0_n_n,n,0,n,n
3,3,jhon edison ruiz,20,n,activo,600000,0,0,n,pppnnnnnnnnnnnnnnnnnnnnnnnnnnnnnnnnnnnnnnnnnnnnnnn,nnnnnnnnnnnnnnnnnnnnnnnnnnnnnnnnnnnnnnnnnnnnnnnnnn,111nnnnnnnnnnnnnnnnnnnnnnnnnnnnnnnnnnnnnnnnnnnnnnn,1,n,n,0,n,0,n,0,n,0,n,0,0,0,0,activo,0_0_0_0_n_n,n,activo,0_0_0_0_n_n,n,activo,0_0_0_0_n_n,n,activo,0_0_0_0_n_n,n,activo,0_0_0_0_n_n,n,activo,0_0_0_0_n_n,n,activo,0_0_0_0_n_n,n,activo,0_0_0_0_n_n,n,activo,0_0_0_0_n_n,n,activo,0_0_0_0_n_n,n,activo,0_0_0_0_n_n,n,activo,0_0_0_0_n_n,n,activo,0_0_0_0_n_n,n,activo,0_0_0_0_n_n,n,activo,0_0_0_0_n_n,n,activo,0_0_0_0_n_n,n,0,n,n
4,4,alga lucia cifuentes,3,n,activo,60000,0,0,n,ppnnnnnnnnnnnnnnnnnnnnnnnnnnnnnnnnnnnnnnnnnnnnnnnn,nnnnnnnnnnnnnnnnnnnnnnnnnnnnnnnnnnnnnnnnnnnnnnnnnn,11nnnnnnnnnnnnnnnnnnnnnnnnnnnnnnnnnnnnnnnnnnnnnnnn,1,n,n,0,n,0,n,0,n,0,n,0,0,0,0,activo,0_0_0_0_n_n,n,activo,0_0_0_0_n_n,n,activo,0_0_0_0_n_n,n,activo,0_0_0_0_n_n,n,activo,0_0_0_0_n_n,n,activo,0_0_0_0_n_n,n,activo,0_0_0_0_n_n,n,activo,0_0_0_0_n_n,n,activo,0_0_0_0_n_n,n,activo,0_0_0_0_n_n,n,activo,0_0_0_0_n_n,n,activo,0_0_0_0_n_n,n,activo,0_0_0_0_n_n,n,activo,0_0_0_0_n_n,n,activo,0_0_0_0_n_n,n,activo,0_0_0_0_n_n,n,0,n,n
5,5,jaime torres,14,n,activo,560000,0,0,n,ppppnnnnnnnnnnnnnnnnnnnnnnnnnnnnnnnnnnnnnnnnnnnnnn,nnnnnnnnnnnnnnnnnnnnnnnnnnnnnnnnnnnnnnnnnnnnnnnnnn,1111nnnnnnnnnnnnnnnnnnnnnnnnnnnnnnnnnnnnnnnnnnnnnn,1,n,n,0,n,0,n,0,n,0,n,0,0,0,0,activo,0_0_0_0_n_n,n,activo,0_0_0_0_n_n,n,activo,0_0_0_0_n_n,n,activo,0_0_0_0_n_n,n,activo,0_0_0_0_n_n,n,activo,0_0_0_0_n_n,n,activo,0_0_0_0_n_n,n,activo,0_0_0_0_n_n,n,activo,0_0_0_0_n_n,n,activo,0_0_0_0_n_n,n,activo,0_0_0_0_n_n,n,activo,0_0_0_0_n_n,n,activo,0_0_0_0_n_n,n,activo,0_0_0_0_n_n,n,activo,0_0_0_0_n_n,n,activo,0_0_0_0_n_n,n,0,n,n
6,6,constantino leal,30,n,activo,900000,0,0,n,pppnnnnnnnnnnnnnnnnnnnnnnnnnnnnnnnnnnnnnnnnnnnnnnn,nnnnnnnnnnnnnnnnnnnnnnnnnnnnnnnnnnnnnnnnnnnnnnnnnn,111nnnnnnnnnnnnnnnnnnnnnnnnnnnnnnnnnnnnnnnnnnnnnnn,1,n,n,0,n,0,n,0,n,0,n,0,0,0,0,activo,0_0_0_0_n_n,n,activo,0_0_0_0_n_n,n,activo,0_0_0_0_n_n,n,activo,0_0_0_0_n_n,n,activo,0_0_0_0_n_n,n,activo,0_0_0_0_n_n,n,activo,0_0_0_0_n_n,n,activo,0_0_0_0_n_n,n,activo,0_0_0_0_n_n,n,activo,0_0_0_0_n_n,n,activo,0_0_0_0_n_n,n,activo,0_0_0_0_n_n,n,activo,0_0_0_0_n_n,n,activo,0_0_0_0_n_n,n,activo,0_0_0_0_n_n,n,activo,0_0_0_0_n_n,n,0,n,n
7,7,yurany leal,20,n,activo,600000,0,0,n,pppnnnnnnnnnnnnnnnnnnnnnnnnnnnnnnnnnnnnnnnnnnnnnnn,nnnnnnnnnnnnnnnnnnnnnnnnnnnnnnnnnnnnnnnnnnnnnnnnnn,111nnnnnnnnnnnnnnnnnnnnnnnnnnnnnnnnnnnnnnnnnnnnnnn,1,n,n,0,n,0,n,0,n,0,n,0,0,0,0,activo,0_0_0_0_n_n,n,activo,0_0_0_0_n_n,n,activo,0_0_0_0_n_n,n,activo,0_0_0_0_n_n,n,activo,0_0_0_0_n_n,n,activo,0_0_0_0_n_n,n,activo,0_0_0_0_n_n,n,activo,0_0_0_0_n_n,n,activo,0_0_0_0_n_n,n,activo,0_0_0_0_n_n,n,activo,0_0_0_0_n_n,n,activo,0_0_0_0_n_n,n,activo,0_0_0_0_n_n,n,activo,0_0_0_0_n_n,n,activo,0_0_0_0_n_n,n,activo,0_0_0_0_n_n,n,0,n,n
8,8,toño molina,6,n,activo,60000,0,0,n,pnnnnnnnnnnnnnnnnnnnnnnnnnnnnnnnnnnnnnnnnnnnnnnnnn,nnnnnnnnnnnnnnnnnnnnnnnnnnnnnnnnnnnnnnnnnnnnnnnnnn,1nnnnnnnnnnnnnnnnnnnnnnnnnnnnnnnnnnnnnnnnnnnnnnnnn,1,n,n,0,n,0,n,0,n,0,n,0,0,0,0,activo,0_0_0_0_n_n,n,activo,0_0_0_0_n_n,n,activo,0_0_0_0_n_n,n,activo,0_0_0_0_n_n,n,activo,0_0_0_0_n_n,n,activo,0_0_0_0_n_n,n,activo,0_0_0_0_n_n,n,activo,0_0_0_0_n_n,n,activo,0_0_0_0_n_n,n,activo,0_0_0_0_n_n,n,activo,0_0_0_0_n_n,n,activo,0_0_0_0_n_n,n,activo,0_0_0_0_n_n,n,activo,0_0_0_0_n_n,n,activo,0_0_0_0_n_n,n,activo,0_0_0_0_n_n,n,0,n,n
9,9,maria fernanda feo,8,n,activo,320000,0,0,n,ppppnnnnnnnnnnnnnnnnnnnnnnnnnnnnnnnnnnnnnnnnnnnnnn,nnnnnnnnnnnnnnnnnnnnnnnnnnnnnnnnnnnnnnnnnnnnnnnnnn,1111nnnnnnnnnnnnnnnnnnnnnnnnnnnnnnnnnnnnnnnnnnnnnn,1,n,n,0,n,0,n,0,n,0,n,0,0,0,0,activo,0_0_0_0_n_n,n,activo,0_0_0_0_n_n,n,activo,0_0_0_0_n_n,n,activo,0_0_0_0_n_n,n,activo,0_0_0_0_n_n,n,activo,0_0_0_0_n_n,n,activo,0_0_0_0_n_n,n,activo,0_0_0_0_n_n,n,activo,0_0_0_0_n_n,n,activo,0_0_0_0_n_n,n,activo,0_0_0_0_n_n,n,activo,0_0_0_0_n_n,n,activo,0_0_0_0_n_n,n,activo,0_0_0_0_n_n,n,activo,0_0_0_0_n_n,n,activo,0_0_0_0_n_n,n,0,n,n
10,10,carmen ortiz,4,n,activo,160000,0,0,n,ppppnnnnnnnnnnnnnnnnnnnnnnnnnnnnnnnnnnnnnnnnnnnnnn,nnnnnnnnnnnnnnnnnnnnnnnnnnnnnnnnnnnnnnnnnnnnnnnnnn,1111nnnnnnnnnnnnnnnnnnnnnnnnnnnnnnnnnnnnnnnnnnnnnn,1,n,n,0,n,0,n,0,n,0,n,0,0,0,0,activo,0_0_0_0_n_n,n,activo,0_0_0_0_n_n,n,activo,0_0_0_0_n_n,n,activo,0_0_0_0_n_n,n,activo,0_0_0_0_n_n,n,activo,0_0_0_0_n_n,n,activo,0_0_0_0_n_n,n,activo,0_0_0_0_n_n,n,activo,0_0_0_0_n_n,n,activo,0_0_0_0_n_n,n,activo,0_0_0_0_n_n,n,activo,0_0_0_0_n_n,n,activo,0_0_0_0_n_n,n,activo,0_0_0_0_n_n,n,activo,0_0_0_0_n_n,n,activo,0_0_0_0_n_n,n,0,n,n
11,11,jaime arias ,20,3143583678,activo,400000,0,0,n,ppnnnnnnnnnnnnnnnnnnnnnnnnnnnnnnnnnnnnnnnnnnnnnnnn,nnnnnnnnnnnnnnnnnnnnnnnnnnnnnnnnnnnnnnnnnnnnnnnnnn,11nnnnnnnnnnnnnnnnnnnnnnnnnnnnnnnnnnnnnnnnnnnnnnnn,1,n,n,0,n,0,n,0,n,0,n,0,0,0,0,activo,0_0_0_0_n_n,n,activo,0_0_0_0_n_n,n,activo,0_0_0_0_n_n,n,activo,0_0_0_0_n_n,n,activo,0_0_0_0_n_n,n,activo,0_0_0_0_n_n,n,activo,0_0_0_0_n_n,n,activo,0_0_0_0_n_n,n,activo,0_0_0_0_n_n,n,activo,0_0_0_0_n_n,n,activo,0_0_0_0_n_n,n,activo,0_0_0_0_n_n,n,activo,0_0_0_0_n_n,n,activo,0_0_0_0_n_n,n,activo,0_0_0_0_n_n,n,activo,0_0_0_0_n_n,n,0,n,n
12,12,adriana arango,8,n,activo,80000,0,0,n,pnnnnnnnnnnnnnnnnnnnnnnnnnnnnnnnnnnnnnnnnnnnnnnnnn,nnnnnnnnnnnnnnnnnnnnnnnnnnnnnnnnnnnnnnnnnnnnnnnnnn,1nnnnnnnnnnnnnnnnnnnnnnnnnnnnnnnnnnnnnnnnnnnnnnnnn,1,n,n,0,n,0,n,0,n,0,n,0,0,0,0,activo,0_0_0_0_n_n,n,activo,0_0_0_0_n_n,n,activo,0_0_0_0_n_n,n,activo,0_0_0_0_n_n,n,activo,0_0_0_0_n_n,n,activo,0_0_0_0_n_n,n,activo,0_0_0_0_n_n,n,activo,0_0_0_0_n_n,n,activo,0_0_0_0_n_n,n,activo,0_0_0_0_n_n,n,activo,0_0_0_0_n_n,n,activo,0_0_0_0_n_n,n,activo,0_0_0_0_n_n,n,activo,0_0_0_0_n_n,n,activo,0_0_0_0_n_n,n,activo,0_0_0_0_n_n,n,0,n,n
13,13,maria teresa wilches,2,n,activo,80000,0,0,n,ppppnnnnnnnnnnnnnnnnnnnnnnnnnnnnnnnnnnnnnnnnnnnnnn,nnnnnnnnnnnnnnnnnnnnnnnnnnnnnnnnnnnnnnnnnnnnnnnnnn,1111nnnnnnnnnnnnnnnnnnnnnnnnnnnnnnnnnnnnnnnnnnnnnn,1,n,n,0,n,0,n,0,n,0,n,0,0,0,0,activo,0_0_0_0_n_n,n,activo,0_0_0_0_n_n,n,activo,0_0_0_0_n_n,n,activo,0_0_0_0_n_n,n,activo,0_0_0_0_n_n,n,activo,0_0_0_0_n_n,n,activo,0_0_0_0_n_n,n,activo,0_0_0_0_n_n,n,activo,0_0_0_0_n_n,n,activo,0_0_0_0_n_n,n,activo,0_0_0_0_n_n,n,activo,0_0_0_0_n_n,n,activo,0_0_0_0_n_n,n,activo,0_0_0_0_n_n,n,activo,0_0_0_0_n_n,n,activo,0_0_0_0_n_n,n,0,n,n
14,14,alberto zamorano,10,n,activo,400000,0,0,n,ppppnnnnnnnnnnnnnnnnnnnnnnnnnnnnnnnnnnnnnnnnnnnnnn,nnnnnnnnnnnnnnnnnnnnnnnnnnnnnnnnnnnnnnnnnnnnnnnnnn,1111nnnnnnnnnnnnnnnnnnnnnnnnnnnnnnnnnnnnnnnnnnnnnn,1,n,n,0,n,0,n,0,n,0,n,0,0,0,0,activo,0_0_0_0_n_n,n,activo,0_0_0_0_n_n,n,activo,0_0_0_0_n_n,n,activo,0_0_0_0_n_n,n,activo,0_0_0_0_n_n,n,activo,0_0_0_0_n_n,n,activo,0_0_0_0_n_n,n,activo,0_0_0_0_n_n,n,activo,0_0_0_0_n_n,n,activo,0_0_0_0_n_n,n,activo,0_0_0_0_n_n,n,activo,0_0_0_0_n_n,n,activo,0_0_0_0_n_n,n,activo,0_0_0_0_n_n,n,activo,0_0_0_0_n_n,n,activo,0_0_0_0_n_n,n,0,n,n
15,15,manuelita sarmiento,2,n,activo,80000,0,0,n,ppppnnnnnnnnnnnnnnnnnnnnnnnnnnnnnnnnnnnnnnnnnnnnnn,nnnnnnnnnnnnnnnnnnnnnnnnnnnnnnnnnnnnnnnnnnnnnnnnnn,1111nnnnnnnnnnnnnnnnnnnnnnnnnnnnnnnnnnnnnnnnnnnnnn,1,n,n,0,n,0,n,0,n,0,n,0,0,0,0,activo,0_0_0_0_n_n,n,activo,0_0_0_0_n_n,n,activo,0_0_0_0_n_n,n,activo,0_0_0_0_n_n,n,activo,0_0_0_0_n_n,n,activo,0_0_0_0_n_n,n,activo,0_0_0_0_n_n,n,activo,0_0_0_0_n_n,n,activo,0_0_0_0_n_n,n,activo,0_0_0_0_n_n,n,activo,0_0_0_0_n_n,n,activo,0_0_0_0_n_n,n,activo,0_0_0_0_n_n,n,activo,0_0_0_0_n_n,n,activo,0_0_0_0_n_n,n,activo,0_0_0_0_n_n,n,0,n,n
16,16,maria lopez,5,n,activo,200000,0,0,n,ppppnnnnnnnnnnnnnnnnnnnnnnnnnnnnnnnnnnnnnnnnnnnnnn,nnnnnnnnnnnnnnnnnnnnnnnnnnnnnnnnnnnnnnnnnnnnnnnnnn,1111nnnnnnnnnnnnnnnnnnnnnnnnnnnnnnnnnnnnnnnnnnnnnn,1,n,n,0,n,0,n,0,n,0,n,0,0,0,0,activo,0_0_0_0_n_n,n,activo,0_0_0_0_n_n,n,activo,0_0_0_0_n_n,n,activo,0_0_0_0_n_n,n,activo,0_0_0_0_n_n,n,activo,0_0_0_0_n_n,n,activo,0_0_0_0_n_n,n,activo,0_0_0_0_n_n,n,activo,0_0_0_0_n_n,n,activo,0_0_0_0_n_n,n,activo,0_0_0_0_n_n,n,activo,0_0_0_0_n_n,n,activo,0_0_0_0_n_n,n,activo,0_0_0_0_n_n,n,activo,0_0_0_0_n_n,n,activo,0_0_0_0_n_n,n,0,n,n
17,17,paola perez,6,n,activo,60000,0,0,n,pnnnnnnnnnnnnnnnnnnnnnnnnnnnnnnnnnnnnnnnnnnnnnnnnn,nnnnnnnnnnnnnnnnnnnnnnnnnnnnnnnnnnnnnnnnnnnnnnnnnn,1nnnnnnnnnnnnnnnnnnnnnnnnnnnnnnnnnnnnnnnnnnnnnnnnn,1,n,n,0,n,0,n,0,n,0,n,0,0,0,0,activo,0_0_0_0_n_n,n,activo,0_0_0_0_n_n,n,activo,0_0_0_0_n_n,n,activo,0_0_0_0_n_n,n,activo,0_0_0_0_n_n,n,activo,0_0_0_0_n_n,n,activo,0_0_0_0_n_n,n,activo,0_0_0_0_n_n,n,activo,0_0_0_0_n_n,n,activo,0_0_0_0_n_n,n,activo,0_0_0_0_n_n,n,activo,0_0_0_0_n_n,n,activo,0_0_0_0_n_n,n,activo,0_0_0_0_n_n,n,activo,0_0_0_0_n_n,n,activo,0_0_0_0_n_n,n,0,n,n
18,18,carlos andres rendon,25,n,activo,2000000,0,0,n,ppppppppnnnnnnnnnnnnnnnnnnnnnnnnnnnnnnnnnnnnnnnnnn,nnnnnnnnnnnnnnnnnnnnnnnnnnnnnnnnnnnnnnnnnnnnnnnnnn,11111111nnnnnnnnnnnnnnnnnnnnnnnnnnnnnnnnnnnnnnnnnn,1,n,n,0,n,0,n,0,n,0,n,0,0,0,0,activo,0_0_0_0_n_n,n,activo,0_0_0_0_n_n,n,activo,0_0_0_0_n_n,n,activo,0_0_0_0_n_n,n,activo,0_0_0_0_n_n,n,activo,0_0_0_0_n_n,n,activo,0_0_0_0_n_n,n,activo,0_0_0_0_n_n,n,activo,0_0_0_0_n_n,n,activo,0_0_0_0_n_n,n,activo,0_0_0_0_n_n,n,activo,0_0_0_0_n_n,n,activo,0_0_0_0_n_n,n,activo,0_0_0_0_n_n,n,activo,0_0_0_0_n_n,n,activo,0_0_0_0_n_n,n,0,n,n
19,19,dalys rendn,30,n,activo,6000000,0,0,n,ppppppppppppppppppppnnnnnnnnnnnnnnnnnnnnnnnnnnnnnn,nnnnnnnnnnnnnnnnnnnnnnnnnnnnnnnnnnnnnnnnnnnnnnnnnn,11111111111111111111nnnnnnnnnnnnnnnnnnnnnnnnnnnnnn,1,n,n,0,n,0,n,0,n,0,n,0,0,0,0,activo,0_0_0_0_n_n,n,activo,0_0_0_0_n_n,n,activo,0_0_0_0_n_n,n,activo,0_0_0_0_n_n,n,activo,0_0_0_0_n_n,n,activo,0_0_0_0_n_n,n,activo,0_0_0_0_n_n,n,activo,0_0_0_0_n_n,n,activo,0_0_0_0_n_n,n,activo,0_0_0_0_n_n,n,activo,0_0_0_0_n_n,n,activo,0_0_0_0_n_n,n,activo,0_0_0_0_n_n,n,activo,0_0_0_0_n_n,n,activo,0_0_0_0_n_n,n,activo,0_0_0_0_n_n,n,0,n,n
20,20,edgar rendor,23,n,activo,460000,0,0,n,ppnnnnnnnnnnnnnnnnnnnnnnnnnnnnnnnnnnnnnnnnnnnnnnnn,nnnnnnnnnnnnnnnnnnnnnnnnnnnnnnnnnnnnnnnnnnnnnnnnnn,11nnnnnnnnnnnnnnnnnnnnnnnnnnnnnnnnnnnnnnnnnnnnnnnn,1,n,n,0,n,0,n,0,n,0,n,0,0,0,0,activo,0_0_0_0_n_n,n,activo,0_0_0_0_n_n,n,activo,0_0_0_0_n_n,n,activo,0_0_0_0_n_n,n,activo,0_0_0_0_n_n,n,activo,0_0_0_0_n_n,n,activo,0_0_0_0_n_n,n,activo,0_0_0_0_n_n,n,activo,0_0_0_0_n_n,n,activo,0_0_0_0_n_n,n,activo,0_0_0_0_n_n,n,activo,0_0_0_0_n_n,n,activo,0_0_0_0_n_n,n,activo,0_0_0_0_n_n,n,activo,0_0_0_0_n_n,n,activo,0_0_0_0_n_n,n,0,n,n
21,21,ricardo torres fetiva,20,n,activo,200000,0,0,n,pnnnnnnnnnnnnnnnnnnnnnnnnnnnnnnnnnnnnnnnnnnnnnnnnn,nnnnnnnnnnnnnnnnnnnnnnnnnnnnnnnnnnnnnnnnnnnnnnnnnn,1nnnnnnnnnnnnnnnnnnnnnnnnnnnnnnnnnnnnnnnnnnnnnnnnn,1,n,n,0,n,0,n,0,n,0,n,0,0,0,0,activo,0_0_0_0_n_n,n,activo,0_0_0_0_n_n,n,activo,0_0_0_0_n_n,n,activo,0_0_0_0_n_n,n,activo,0_0_0_0_n_n,n,activo,0_0_0_0_n_n,n,activo,0_0_0_0_n_n,n,activo,0_0_0_0_n_n,n,activo,0_0_0_0_n_n,n,activo,0_0_0_0_n_n,n,activo,0_0_0_0_n_n,n,activo,0_0_0_0_n_n,n,activo,0_0_0_0_n_n,n,activo,0_0_0_0_n_n,n,activo,0_0_0_0_n_n,n,activo,0_0_0_0_n_n,n,0,n,n
22,22,gloria juez,10,n,activo,100000,0,0,n,pnnnnnnnnnnnnnnnnnnnnnnnnnnnnnnnnnnnnnnnnnnnnnnnnn,nnnnnnnnnnnnnnnnnnnnnnnnnnnnnnnnnnnnnnnnnnnnnnnnnn,1nnnnnnnnnnnnnnnnnnnnnnnnnnnnnnnnnnnnnnnnnnnnnnnnn,1,n,n,0,n,0,n,0,n,0,n,0,0,0,0,activo,0_0_0_0_n_n,n,activo,0_0_0_0_n_n,n,activo,0_0_0_0_n_n,n,activo,0_0_0_0_n_n,n,activo,0_0_0_0_n_n,n,activo,0_0_0_0_n_n,n,activo,0_0_0_0_n_n,n,activo,0_0_0_0_n_n,n,activo,0_0_0_0_n_n,n,activo,0_0_0_0_n_n,n,activo,0_0_0_0_n_n,n,activo,0_0_0_0_n_n,n,activo,0_0_0_0_n_n,n,activo,0_0_0_0_n_n,n,activo,0_0_0_0_n_n,n,activo,0_0_0_0_n_n,n,0,n,n
23,23,leo roa,10,n,activo,100000,0,0,n,pnnnnnnnnnnnnnnnnnnnnnnnnnnnnnnnnnnnnnnnnnnnnnnnnn,nnnnnnnnnnnnnnnnnnnnnnnnnnnnnnnnnnnnnnnnnnnnnnnnnn,1nnnnnnnnnnnnnnnnnnnnnnnnnnnnnnnnnnnnnnnnnnnnnnnnn,1,n,n,0,n,0,n,0,n,0,n,0,0,0,0,activo,0_0_0_0_n_n,n,activo,0_0_0_0_n_n,n,activo,0_0_0_0_n_n,n,activo,0_0_0_0_n_n,n,activo,0_0_0_0_n_n,n,activo,0_0_0_0_n_n,n,activo,0_0_0_0_n_n,n,activo,0_0_0_0_n_n,n,activo,0_0_0_0_n_n,n,activo,0_0_0_0_n_n,n,activo,0_0_0_0_n_n,n,activo,0_0_0_0_n_n,n,activo,0_0_0_0_n_n,n,activo,0_0_0_0_n_n,n,activo,0_0_0_0_n_n,n,activo,0_0_0_0_n_n,n,0,n,n
24,24,yenny constanza bohorquez,8,n,activo,480000,0,0,n,ppppppnnnnnnnnnnnnnnnnnnnnnnnnnnnnnnnnnnnnnnnnnnnn,nnnnnnnnnnnnnnnnnnnnnnnnnnnnnnnnnnnnnnnnnnnnnnnnnn,111111nnnnnnnnnnnnnnnnnnnnnnnnnnnnnnnnnnnnnnnnnnnn,1,n,n,0,n,0,n,0,n,0,n,0,0,0,0,activo,0_0_0_0_n_n,n,activo,0_0_0_0_n_n,n,activo,0_0_0_0_n_n,n,activo,0_0_0_0_n_n,n,activo,0_0_0_0_n_n,n,activo,0_0_0_0_n_n,n,activo,0_0_0_0_n_n,n,activo,0_0_0_0_n_n,n,activo,0_0_0_0_n_n,n,activo,0_0_0_0_n_n,n,activo,0_0_0_0_n_n,n,activo,0_0_0_0_n_n,n,activo,0_0_0_0_n_n,n,activo,0_0_0_0_n_n,n,activo,0_0_0_0_n_n,n,activo,0_0_0_0_n_n,n,0,n,n
25,25,juan david rendon,20,n,activo,200000,0,0,n,pnnnnnnnnnnnnnnnnnnnnnnnnnnnnnnnnnnnnnnnnnnnnnnnnn,nnnnnnnnnnnnnnnnnnnnnnnnnnnnnnnnnnnnnnnnnnnnnnnnnn,1nnnnnnnnnnnnnnnnnnnnnnnnnnnnnnnnnnnnnnnnnnnnnnnnn,1,n,n,0,n,0,n,0,n,0,n,0,0,0,0,activo,0_0_0_0_n_n,n,activo,0_0_0_0_n_n,n,activo,0_0_0_0_n_n,n,activo,0_0_0_0_n_n,n,activo,0_0_0_0_n_n,n,activo,0_0_0_0_n_n,n,activo,0_0_0_0_n_n,n,activo,0_0_0_0_n_n,n,activo,0_0_0_0_n_n,n,activo,0_0_0_0_n_n,n,activo,0_0_0_0_n_n,n,activo,0_0_0_0_n_n,n,activo,0_0_0_0_n_n,n,activo,0_0_0_0_n_n,n,activo,0_0_0_0_n_n,n,activo,0_0_0_0_n_n,n,0,n,n
26,26,armando zamora,20,n,activo,400000,0,0,n,ppnnnnnnnnnnnnnnnnnnnnnnnnnnnnnnnnnnnnnnnnnnnnnnnn,nnnnnnnnnnnnnnnnnnnnnnnnnnnnnnnnnnnnnnnnnnnnnnnnnn,11nnnnnnnnnnnnnnnnnnnnnnnnnnnnnnnnnnnnnnnnnnnnnnnn,1,n,n,0,n,0,n,0,n,0,n,0,0,0,0,activo,0_0_0_0_n_n,n,activo,0_0_0_0_n_n,n,activo,0_0_0_0_n_n,n,activo,0_0_0_0_n_n,n,activo,0_0_0_0_n_n,n,activo,0_0_0_0_n_n,n,activo,0_0_0_0_n_n,n,activo,0_0_0_0_n_n,n,activo,0_0_0_0_n_n,n,activo,0_0_0_0_n_n,n,activo,0_0_0_0_n_n,n,activo,0_0_0_0_n_n,n,activo,0_0_0_0_n_n,n,activo,0_0_0_0_n_n,n,activo,0_0_0_0_n_n,n,activo,0_0_0_0_n_n,n,0,n,n
27,27,sandra vargas,2,n,activo,80000,0,0,n,ppppnnnnnnnnnnnnnnnnnnnnnnnnnnnnnnnnnnnnnnnnnnnnnn,nnnnnnnnnnnnnnnnnnnnnnnnnnnnnnnnnnnnnnnnnnnnnnnnnn,1111nnnnnnnnnnnnnnnnnnnnnnnnnnnnnnnnnnnnnnnnnnnnnn,1,n,n,0,n,0,n,0,n,0,n,0,0,0,0,activo,0_0_0_0_n_n,n,activo,0_0_0_0_n_n,n,activo,0_0_0_0_n_n,n,activo,0_0_0_0_n_n,n,activo,0_0_0_0_n_n,n,activo,0_0_0_0_n_n,n,activo,0_0_0_0_n_n,n,activo,0_0_0_0_n_n,n,activo,0_0_0_0_n_n,n,activo,0_0_0_0_n_n,n,activo,0_0_0_0_n_n,n,activo,0_0_0_0_n_n,n,activo,0_0_0_0_n_n,n,activo,0_0_0_0_n_n,n,activo,0_0_0_0_n_n,n,activo,0_0_0_0_n_n,n,0,n,n
28,28,manuel amaya melo,7,n,activo,70000,0,0,n,pnnnnnnnnnnnnnnnnnnnnnnnnnnnnnnnnnnnnnnnnnnnnnnnnn,nnnnnnnnnnnnnnnnnnnnnnnnnnnnnnnnnnnnnnnnnnnnnnnnnn,1nnnnnnnnnnnnnnnnnnnnnnnnnnnnnnnnnnnnnnnnnnnnnnnnn,1,n,n,0,n,0,n,0,n,0,n,0,0,0,0,activo,0_0_0_0_n_n,n,activo,0_0_0_0_n_n,n,activo,0_0_0_0_n_n,n,activo,0_0_0_0_n_n,n,activo,0_0_0_0_n_n,n,activo,0_0_0_0_n_n,n,activo,0_0_0_0_n_n,n,activo,0_0_0_0_n_n,n,activo,0_0_0_0_n_n,n,activo,0_0_0_0_n_n,n,activo,0_0_0_0_n_n,n,activo,0_0_0_0_n_n,n,activo,0_0_0_0_n_n,n,activo,0_0_0_0_n_n,n,activo,0_0_0_0_n_n,n,activo,0_0_0_0_n_n,n,0,n,n
29,29,ana cardel,20,n,activo,200000,0,0,n,pnnnnnnnnnnnnnnnnnnnnnnnnnnnnnnnnnnnnnnnnnnnnnnnnn,nnnnnnnnnnnnnnnnnnnnnnnnnnnnnnnnnnnnnnnnnnnnnnnnnn,1nnnnnnnnnnnnnnnnnnnnnnnnnnnnnnnnnnnnnnnnnnnnnnnnn,1,n,n,0,n,0,n,0,n,0,n,0,0,0,0,activo,0_0_0_0_n_n,n,activo,0_0_0_0_n_n,n,activo,0_0_0_0_n_n,n,activo,0_0_0_0_n_n,n,activo,0_0_0_0_n_n,n,activo,0_0_0_0_n_n,n,activo,0_0_0_0_n_n,n,activo,0_0_0_0_n_n,n,activo,0_0_0_0_n_n,n,activo,0_0_0_0_n_n,n,activo,0_0_0_0_n_n,n,activo,0_0_0_0_n_n,n,activo,0_0_0_0_n_n,n,activo,0_0_0_0_n_n,n,activo,0_0_0_0_n_n,n,activo,0_0_0_0_n_n,n,0,n,n
30,30,liliana katherin caicedo,5,3113015058,activo,50000,0,0,n,pnnnnnnnnnnnnnnnnnnnnnnnnnnnnnnnnnnnnnnnnnnnnnnnnn,nnnnnnnnnnnnnnnnnnnnnnnnnnnnnnnnnnnnnnnnnnnnnnnnnn,1nnnnnnnnnnnnnnnnnnnnnnnnnnnnnnnnnnnnnnnnnnnnnnnnn,1,n,n,0,n,0,n,0,n,0,n,0,0,0,0,activo,0_0_0_0_n_n,n,activo,0_0_0_0_n_n,n,activo,0_0_0_0_n_n,n,activo,0_0_0_0_n_n,n,activo,0_0_0_0_n_n,n,activo,0_0_0_0_n_n,n,activo,0_0_0_0_n_n,n,activo,0_0_0_0_n_n,n,activo,0_0_0_0_n_n,n,activo,0_0_0_0_n_n,n,activo,0_0_0_0_n_n,n,activo,0_0_0_0_n_n,n,activo,0_0_0_0_n_n,n,activo,0_0_0_0_n_n,n,activo,0_0_0_0_n_n,n,activo,0_0_0_0_n_n,n,0,n,n
31,31,rosa cortes,8,n,activo,320000,0,0,n,ppppnnnnnnnnnnnnnnnnnnnnnnnnnnnnnnnnnnnnnnnnnnnnnn,nnnnnnnnnnnnnnnnnnnnnnnnnnnnnnnnnnnnnnnnnnnnnnnnnn,1111nnnnnnnnnnnnnnnnnnnnnnnnnnnnnnnnnnnnnnnnnnnnnn,1,n,n,0,n,0,n,0,n,0,n,0,0,0,0,activo,0_0_0_0_n_n,n,activo,0_0_0_0_n_n,n,activo,0_0_0_0_n_n,n,activo,0_0_0_0_n_n,n,activo,0_0_0_0_n_n,n,activo,0_0_0_0_n_n,n,activo,0_0_0_0_n_n,n,activo,0_0_0_0_n_n,n,activo,0_0_0_0_n_n,n,activo,0_0_0_0_n_n,n,activo,0_0_0_0_n_n,n,activo,0_0_0_0_n_n,n,activo,0_0_0_0_n_n,n,activo,0_0_0_0_n_n,n,activo,0_0_0_0_n_n,n,activo,0_0_0_0_n_n,n,0,n,n
32,32,sulma rojas,3,n,activo,120000,0,0,n,ppppnnnnnnnnnnnnnnnnnnnnnnnnnnnnnnnnnnnnnnnnnnnnnn,nnnnnnnnnnnnnnnnnnnnnnnnnnnnnnnnnnnnnnnnnnnnnnnnnn,1111nnnnnnnnnnnnnnnnnnnnnnnnnnnnnnnnnnnnnnnnnnnnnn,1,n,n,0,n,0,n,0,n,0,n,0,0,0,0,activo,0_0_0_0_n_n,n,activo,0_0_0_0_n_n,n,activo,0_0_0_0_n_n,n,activo,0_0_0_0_n_n,n,activo,0_0_0_0_n_n,n,activo,0_0_0_0_n_n,n,activo,0_0_0_0_n_n,n,activo,0_0_0_0_n_n,n,activo,0_0_0_0_n_n,n,activo,0_0_0_0_n_n,n,activo,0_0_0_0_n_n,n,activo,0_0_0_0_n_n,n,activo,0_0_0_0_n_n,n,activo,0_0_0_0_n_n,n,activo,0_0_0_0_n_n,n,activo,0_0_0_0_n_n,n,0,n,n
33,33,javier vergara,12,n,activo,240000,0,0,n,ppnnnnnnnnnnnnnnnnnnnnnnnnnnnnnnnnnnnnnnnnnnnnnnnn,nnnnnnnnnnnnnnnnnnnnnnnnnnnnnnnnnnnnnnnnnnnnnnnnnn,11nnnnnnnnnnnnnnnnnnnnnnnnnnnnnnnnnnnnnnnnnnnnnnnn,1,n,n,0,n,0,n,0,n,0,n,0,0,0,0,activo,0_0_0_0_n_n,n,activo,0_0_0_0_n_n,n,activo,0_0_0_0_n_n,n,activo,0_0_0_0_n_n,n,activo,0_0_0_0_n_n,n,activo,0_0_0_0_n_n,n,activo,0_0_0_0_n_n,n,activo,0_0_0_0_n_n,n,activo,0_0_0_0_n_n,n,activo,0_0_0_0_n_n,n,activo,0_0_0_0_n_n,n,activo,0_0_0_0_n_n,n,activo,0_0_0_0_n_n,n,activo,0_0_0_0_n_n,n,activo,0_0_0_0_n_n,n,activo,0_0_0_0_n_n,n,0,n,n
34,34,jose delfin,6,n,activo,240000,0,0,n,ppppnnnnnnnnnnnnnnnnnnnnnnnnnnnnnnnnnnnnnnnnnnnnnn,nnnnnnnnnnnnnnnnnnnnnnnnnnnnnnnnnnnnnnnnnnnnnnnnnn,1111nnnnnnnnnnnnnnnnnnnnnnnnnnnnnnnnnnnnnnnnnnnnnn,1,n,n,0,n,0,n,0,n,0,n,0,0,0,0,activo,0_0_0_0_n_n,n,activo,0_0_0_0_n_n,n,activo,0_0_0_0_n_n,n,activo,0_0_0_0_n_n,n,activo,0_0_0_0_n_n,n,activo,0_0_0_0_n_n,n,activo,0_0_0_0_n_n,n,activo,0_0_0_0_n_n,n,activo,0_0_0_0_n_n,n,activo,0_0_0_0_n_n,n,activo,0_0_0_0_n_n,n,activo,0_0_0_0_n_n,n,activo,0_0_0_0_n_n,n,activo,0_0_0_0_n_n,n,activo,0_0_0_0_n_n,n,activo,0_0_0_0_n_n,n,0,n,n
35,35,rigoberto castellanos,9,n,activo,270000,0,0,n,pppnnnnnnnnnnnnnnnnnnnnnnnnnnnnnnnnnnnnnnnnnnnnnnn,nnnnnnnnnnnnnnnnnnnnnnnnnnnnnnnnnnnnnnnnnnnnnnnnnn,111nnnnnnnnnnnnnnnnnnnnnnnnnnnnnnnnnnnnnnnnnnnnnnn,1,n,n,0,n,0,n,0,n,0,n,0,0,0,0,activo,0_0_0_0_n_n,n,activo,0_0_0_0_n_n,n,activo,0_0_0_0_n_n,n,activo,0_0_0_0_n_n,n,activo,0_0_0_0_n_n,n,activo,0_0_0_0_n_n,n,activo,0_0_0_0_n_n,n,activo,0_0_0_0_n_n,n,activo,0_0_0_0_n_n,n,activo,0_0_0_0_n_n,n,activo,0_0_0_0_n_n,n,activo,0_0_0_0_n_n,n,activo,0_0_0_0_n_n,n,activo,0_0_0_0_n_n,n,activo,0_0_0_0_n_n,n,activo,0_0_0_0_n_n,n,0,n,n
36,36,sonia correa,5,3124892589,activo,250000,0,0,n,pppppnnnnnnnnnnnnnnnnnnnnnnnnnnnnnnnnnnnnnnnnnnnnn,nnnnnnnnnnnnnnnnnnnnnnnnnnnnnnnnnnnnnnnnnnnnnnnnnn,11111nnnnnnnnnnnnnnnnnnnnnnnnnnnnnnnnnnnnnnnnnnnnn,1,n,n,0,n,0,n,0,n,0,n,0,0,0,0,activo,0_0_0_0_n_n,n,activo,0_0_0_0_n_n,n,activo,0_0_0_0_n_n,n,activo,0_0_0_0_n_n,n,activo,0_0_0_0_n_n,n,activo,0_0_0_0_n_n,n,activo,0_0_0_0_n_n,n,activo,0_0_0_0_n_n,n,activo,0_0_0_0_n_n,n,activo,0_0_0_0_n_n,n,activo,0_0_0_0_n_n,n,activo,0_0_0_0_n_n,n,activo,0_0_0_0_n_n,n,activo,0_0_0_0_n_n,n,activo,0_0_0_0_n_n,n,activo,0_0_0_0_n_n,n,0,n,n
37,37,magnolia lopez h,10,3178059115,activo,500000,0,0,n,pppppnnnnnnnnnnnnnnnnnnnnnnnnnnnnnnnnnnnnnnnnnnnnn,nnnnnnnnnnnnnnnnnnnnnnnnnnnnnnnnnnnnnnnnnnnnnnnnnn,11111nnnnnnnnnnnnnnnnnnnnnnnnnnnnnnnnnnnnnnnnnnnnn,1,n,n,0,n,0,n,0,n,0,n,0,0,0,0,activo,0_0_0_0_n_n,n,activo,0_0_0_0_n_n,n,activo,0_0_0_0_n_n,n,activo,0_0_0_0_n_n,n,activo,0_0_0_0_n_n,n,activo,0_0_0_0_n_n,n,activo,0_0_0_0_n_n,n,activo,0_0_0_0_n_n,n,activo,0_0_0_0_n_n,n,activo,0_0_0_0_n_n,n,activo,0_0_0_0_n_n,n,activo,0_0_0_0_n_n,n,activo,0_0_0_0_n_n,n,activo,0_0_0_0_n_n,n,activo,0_0_0_0_n_n,n,activo,0_0_0_0_n_n,n,0,n,n
38,38,javier cortes,50,3106987413,activo,12000000,0,0,n,ppppppppppppppppppppppppnnnnnnnnnnnnnnnnnnnnnnnnnn,nnnnnnnnnnnnnnnnnnnnnnnnnnnnnnnnnnnnnnnnnnnnnnnnnn,111111111111111111111111nnnnnnnnnnnnnnnnnnnnnnnnnn,1,n,n,0,n,0,n,0,n,0,n,1,5000000,5000000,150000,no activo,3_0_0_5000000_n_n,2025/02/12_2025/03/12_2025/04/12_2025/05/12_2025/06/12_2025/07/12_2025/08/12_2025/09/12_2025/10/12_2025/11/12,activo,0_0_0_0_n_n,n,activo,0_0_0_0_n_n,n,activo,0_0_0_0_n_n,n,activo,0_0_0_0_n_n,n,activo,0_0_0_0_n_n,n,activo,0_0_0_0_n_n,n,activo,0_0_0_0_n_n,n,activo,0_0_0_0_n_n,n,activo,0_0_0_0_n_n,n,activo,0_0_0_0_n_n,n,activo,0_0_0_0_n_n,n,activo,0_0_0_0_n_n,n,activo,0_0_0_0_n_n,n,activo,0_0_0_0_n_n,n,activo,0_0_0_0_n_n,n,0,n,"( 2025/01/12 - 11:43 ) Se ha concedido un prestamo por 5,000,000 (de) pesos, el prestamo esta almacenado en la ranura № 1 se cuenta como fiadores a () con deudas de ()."
39,39,rosalba forero,5,n,activo,200000,0,0,n,ppppnnnnnnnnnnnnnnnnnnnnnnnnnnnnnnnnnnnnnnnnnnnnnn,nnnnnnnnnnnnnnnnnnnnnnnnnnnnnnnnnnnnnnnnnnnnnnnnnn,1111nnnnnnnnnnnnnnnnnnnnnnnnnnnnnnnnnnnnnnnnnnnnnn,1,n,n,0,n,0,n,0,n,0,n,0,0,0,0,activo,0_0_0_0_n_n,n,activo,0_0_0_0_n_n,n,activo,0_0_0_0_n_n,n,activo,0_0_0_0_n_n,n,activo,0_0_0_0_n_n,n,activo,0_0_0_0_n_n,n,activo,0_0_0_0_n_n,n,activo,0_0_0_0_n_n,n,activo,0_0_0_0_n_n,n,activo,0_0_0_0_n_n,n,activo,0_0_0_0_n_n,n,activo,0_0_0_0_n_n,n,activo,0_0_0_0_n_n,n,activo,0_0_0_0_n_n,n,activo,0_0_0_0_n_n,n,activo,0_0_0_0_n_n,n,0,n,n
40,40,pedro sabogal,5,n,activo,200000,0,0,n,ppppnnnnnnnnnnnnnnnnnnnnnnnnnnnnnnnnnnnnnnnnnnnnnn,nnnnnnnnnnnnnnnnnnnnnnnnnnnnnnnnnnnnnnnnnnnnnnnnnn,1111nnnnnnnnnnnnnnnnnnnnnnnnnnnnnnnnnnnnnnnnnnnnnn,1,n,n,0,n,0,n,0,n,0,n,0,0,0,0,activo,0_0_0_0_n_n,n,activo,0_0_0_0_n_n,n,activo,0_0_0_0_n_n,n,activo,0_0_0_0_n_n,n,activo,0_0_0_0_n_n,n,activo,0_0_0_0_n_n,n,activo,0_0_0_0_n_n,n,activo,0_0_0_0_n_n,n,activo,0_0_0_0_n_n,n,activo,0_0_0_0_n_n,n,activo,0_0_0_0_n_n,n,activo,0_0_0_0_n_n,n,activo,0_0_0_0_n_n,n,activo,0_0_0_0_n_n,n,activo,0_0_0_0_n_n,n,activo,0_0_0_0_n_n,n,0,n,n
41,41,jhoanna barreto,37,n,activo,370000,0,0,n,pnnnnnnnnnnnnnnnnnnnnnnnnnnnnnnnnnnnnnnnnnnnnnnnnn,nnnnnnnnnnnnnnnnnnnnnnnnnnnnnnnnnnnnnnnnnnnnnnnnnn,1nnnnnnnnnnnnnnnnnnnnnnnnnnnnnnnnnnnnnnnnnnnnnnnnn,1,n,n,0,n,0,n,0,n,0,n,0,0,0,0,activo,0_0_0_0_n_n,n,activo,0_0_0_0_n_n,n,activo,0_0_0_0_n_n,n,activo,0_0_0_0_n_n,n,activo,0_0_0_0_n_n,n,activo,0_0_0_0_n_n,n,activo,0_0_0_0_n_n,n,activo,0_0_0_0_n_n,n,activo,0_0_0_0_n_n,n,activo,0_0_0_0_n_n,n,activo,0_0_0_0_n_n,n,activo,0_0_0_0_n_n,n,activo,0_0_0_0_n_n,n,activo,0_0_0_0_n_n,n,activo,0_0_0_0_n_n,n,activo,0_0_0_0_n_n,n,0,n,n
42,42,gregorio vanegas gutierrez,2,n,activo,100000,0,0,n,pppppnnnnnnnnnnnnnnnnnnnnnnnnnnnnnnnnnnnnnnnnnnnnn,nnnnnnnnnnnnnnnnnnnnnnnnnnnnnnnnnnnnnnnnnnnnnnnnnn,11111nnnnnnnnnnnnnnnnnnnnnnnnnnnnnnnnnnnnnnnnnnnnn,1,n,n,0,n,0,n,0,n,0,n,0,0,0,0,activo,0_0_0_0_n_n,n,activo,0_0_0_0_n_n,n,activo,0_0_0_0_n_n,n,activo,0_0_0_0_n_n,n,activo,0_0_0_0_n_n,n,activo,0_0_0_0_n_n,n,activo,0_0_0_0_n_n,n,activo,0_0_0_0_n_n,n,activo,0_0_0_0_n_n,n,activo,0_0_0_0_n_n,n,activo,0_0_0_0_n_n,n,activo,0_0_0_0_n_n,n,activo,0_0_0_0_n_n,n,activo,0_0_0_0_n_n,n,activo,0_0_0_0_n_n,n,activo,0_0_0_0_n_n,n,0,n,n
43,43,juan sogamoso,5,n,activo,250000,0,0,n,pppppnnnnnnnnnnnnnnnnnnnnnnnnnnnnnnnnnnnnnnnnnnnnn,nnnnnnnnnnnnnnnnnnnnnnnnnnnnnnnnnnnnnnnnnnnnnnnnnn,11111nnnnnnnnnnnnnnnnnnnnnnnnnnnnnnnnnnnnnnnnnnnnn,1,n,n,0,n,0,n,0,n,0,n,0,0,0,0,activo,0_0_0_0_n_n,n,activo,0_0_0_0_n_n,n,activo,0_0_0_0_n_n,n,activo,0_0_0_0_n_n,n,activo,0_0_0_0_n_n,n,activo,0_0_0_0_n_n,n,activo,0_0_0_0_n_n,n,activo,0_0_0_0_n_n,n,activo,0_0_0_0_n_n,n,activo,0_0_0_0_n_n,n,activo,0_0_0_0_n_n,n,activo,0_0_0_0_n_n,n,activo,0_0_0_0_n_n,n,activo,0_0_0_0_n_n,n,activo,0_0_0_0_n_n,n,activo,0_0_0_0_n_n,n,0,n,n
44,44,jorge valero ruiz,2,n,activo,20000,0,0,n,pnnnnnnnnnnnnnnnnnnnnnnnnnnnnnnnnnnnnnnnnnnnnnnnnn,nnnnnnnnnnnnnnnnnnnnnnnnnnnnnnnnnnnnnnnnnnnnnnnnnn,1nnnnnnnnnnnnnnnnnnnnnnnnnnnnnnnnnnnnnnnnnnnnnnnnn,1,n,n,0,n,0,n,0,n,0,n,0,0,0,0,activo,0_0_0_0_n_n,n,activo,0_0_0_0_n_n,n,activo,0_0_0_0_n_n,n,activo,0_0_0_0_n_n,n,activo,0_0_0_0_n_n,n,activo,0_0_0_0_n_n,n,activo,0_0_0_0_n_n,n,activo,0_0_0_0_n_n,n,activo,0_0_0_0_n_n,n,activo,0_0_0_0_n_n,n,activo,0_0_0_0_n_n,n,activo,0_0_0_0_n_n,n,activo,0_0_0_0_n_n,n,activo,0_0_0_0_n_n,n,activo,0_0_0_0_n_n,n,activo,0_0_0_0_n_n,n,0,n,n
45,45,wilmer vargas,10,n,activo,200000,0,0,n,ppnnnnnnnnnnnnnnnnnnnnnnnnnnnnnnnnnnnnnnnnnnnnnnnn,nnnnnnnnnnnnnnnnnnnnnnnnnnnnnnnnnnnnnnnnnnnnnnnnnn,11nnnnnnnnnnnnnnnnnnnnnnnnnnnnnnnnnnnnnnnnnnnnnnnn,1,n,n,0,n,0,n,0,n,0,n,0,0,0,0,activo,0_0_0_0_n_n,n,activo,0_0_0_0_n_n,n,activo,0_0_0_0_n_n,n,activo,0_0_0_0_n_n,n,activo,0_0_0_0_n_n,n,activo,0_0_0_0_n_n,n,activo,0_0_0_0_n_n,n,activo,0_0_0_0_n_n,n,activo,0_0_0_0_n_n,n,activo,0_0_0_0_n_n,n,activo,0_0_0_0_n_n,n,activo,0_0_0_0_n_n,n,activo,0_0_0_0_n_n,n,activo,0_0_0_0_n_n,n,activo,0_0_0_0_n_n,n,activo,0_0_0_0_n_n,n,0,n,n
46,46,fabio hernandez,3,n,activo,30000,0,0,n,pnnnnnnnnnnnnnnnnnnnnnnnnnnnnnnnnnnnnnnnnnnnnnnnnn,nnnnnnnnnnnnnnnnnnnnnnnnnnnnnnnnnnnnnnnnnnnnnnnnnn,1nnnnnnnnnnnnnnnnnnnnnnnnnnnnnnnnnnnnnnnnnnnnnnnnn,1,n,n,0,n,0,n,0,n,0,n,0,0,0,0,activo,0_0_0_0_n_n,n,activo,0_0_0_0_n_n,n,activo,0_0_0_0_n_n,n,activo,0_0_0_0_n_n,n,activo,0_0_0_0_n_n,n,activo,0_0_0_0_n_n,n,activo,0_0_0_0_n_n,n,activo,0_0_0_0_n_n,n,activo,0_0_0_0_n_n,n,activo,0_0_0_0_n_n,n,activo,0_0_0_0_n_n,n,activo,0_0_0_0_n_n,n,activo,0_0_0_0_n_n,n,activo,0_0_0_0_n_n,n,activo,0_0_0_0_n_n,n,activo,0_0_0_0_n_n,n,0,n,n
47,47,ricardo vargas,10,n,activo,100000,0,0,n,pnnnnnnnnnnnnnnnnnnnnnnnnnnnnnnnnnnnnnnnnnnnnnnnnn,nnnnnnnnnnnnnnnnnnnnnnnnnnnnnnnnnnnnnnnnnnnnnnnnnn,1nnnnnnnnnnnnnnnnnnnnnnnnnnnnnnnnnnnnnnnnnnnnnnnnn,1,n,n,0,n,0,n,0,n,0,n,0,0,0,0,activo,0_0_0_0_n_n,n,activo,0_0_0_0_n_n,n,activo,0_0_0_0_n_n,n,activo,0_0_0_0_n_n,n,activo,0_0_0_0_n_n,n,activo,0_0_0_0_n_n,n,activo,0_0_0_0_n_n,n,activo,0_0_0_0_n_n,n,activo,0_0_0_0_n_n,n,activo,0_0_0_0_n_n,n,activo,0_0_0_0_n_n,n,activo,0_0_0_0_n_n,n,activo,0_0_0_0_n_n,n,activo,0_0_0_0_n_n,n,activo,0_0_0_0_n_n,n,activo,0_0_0_0_n_n,n,0,n,n
48,48,josefa cataño,10,n,activo,100000,0,0,n,pnnnnnnnnnnnnnnnnnnnnnnnnnnnnnnnnnnnnnnnnnnnnnnnnn,nnnnnnnnnnnnnnnnnnnnnnnnnnnnnnnnnnnnnnnnnnnnnnnnnn,1nnnnnnnnnnnnnnnnnnnnnnnnnnnnnnnnnnnnnnnnnnnnnnnnn,1,n,n,0,n,0,n,0,n,0,n,0,0,0,0,activo,0_0_0_0_n_n,n,activo,0_0_0_0_n_n,n,activo,0_0_0_0_n_n,n,activo,0_0_0_0_n_n,n,activo,0_0_0_0_n_n,n,activo,0_0_0_0_n_n,n,activo,0_0_0_0_n_n,n,activo,0_0_0_0_n_n,n,activo,0_0_0_0_n_n,n,activo,0_0_0_0_n_n,n,activo,0_0_0_0_n_n,n,activo,0_0_0_0_n_n,n,activo,0_0_0_0_n_n,n,activo,0_0_0_0_n_n,n,activo,0_0_0_0_n_n,n,activo,0_0_0_0_n_n,n,0,n,n
49,49,sandra feo,6,n,activo,240000,0,0,n,ppppnnnnnnnnnnnnnnnnnnnnnnnnnnnnnnnnnnnnnnnnnnnnnn,nnnnnnnnnnnnnnnnnnnnnnnnnnnnnnnnnnnnnnnnnnnnnnnnnn,1111nnnnnnnnnnnnnnnnnnnnnnnnnnnnnnnnnnnnnnnnnnnnnn,1,n,n,0,n,0,n,0,n,0,n,0,0,0,0,activo,0_0_0_0_n_n,n,activo,0_0_0_0_n_n,n,activo,0_0_0_0_n_n,n,activo,0_0_0_0_n_n,n,activo,0_0_0_0_n_n,n,activo,0_0_0_0_n_n,n,activo,0_0_0_0_n_n,n,activo,0_0_0_0_n_n,n,activo,0_0_0_0_n_n,n,activo,0_0_0_0_n_n,n,activo,0_0_0_0_n_n,n,activo,0_0_0_0_n_n,n,activo,0_0_0_0_n_n,n,activo,0_0_0_0_n_n,n,activo,0_0_0_0_n_n,n,activo,0_0_0_0_n_n,n,0,n,n
50,50,diva mendez,5,n,no activo,200000,0,0,n,ppppnnnnnnnnnnnnnnnnnnnnnnnnnnnnnnnnnnnnnnnnnnnnnn,nnnnnnnnnnnnnnnnnnnnnnnnnnnnnnnnnnnnnnnnnnnnnnnnnn,1111nnnnnnnnnnnnnnnnnnnnnnnnnnnnnnnnnnnnnnnnnnnnnn,1,n,n,0,n,0,n,0,n,0,n,0,0,0,0,activo,0_0_0_0_n_n,n,activo,0_0_0_0_n_n,n,activo,0_0_0_0_n_n,n,activo,0_0_0_0_n_n,n,activo,0_0_0_0_n_n,n,activo,0_0_0_0_n_n,n,activo,0_0_0_0_n_n,n,activo,0_0_0_0_n_n,n,activo,0_0_0_0_n_n,n,activo,0_0_0_0_n_n,n,activo,0_0_0_0_n_n,n,activo,0_0_0_0_n_n,n,activo,0_0_0_0_n_n,n,activo,0_0_0_0_n_n,n,activo,0_0_0_0_n_n,n,activo,0_0_0_0_n_n,n,0,n,n
51,51,manuel vargas,45,n,activo,1800000,0,0,n,ppppnnnnnnnnnnnnnnnnnnnnnnnnnnnnnnnnnnnnnnnnnnnnnn,nnnnnnnnnnnnnnnnnnnnnnnnnnnnnnnnnnnnnnnnnnnnnnnnnn,1111nnnnnnnnnnnnnnnnnnnnnnnnnnnnnnnnnnnnnnnnnnnnnn,1,n,n,0,n,0,n,0,n,0,n,0,0,0,0,activo,0_0_0_0_n_n,n,activo,0_0_0_0_n_n,n,activo,0_0_0_0_n_n,n,activo,0_0_0_0_n_n,n,activo,0_0_0_0_n_n,n,activo,0_0_0_0_n_n,n,activo,0_0_0_0_n_n,n,activo,0_0_0_0_n_n,n,activo,0_0_0_0_n_n,n,activo,0_0_0_0_n_n,n,activo,0_0_0_0_n_n,n,activo,0_0_0_0_n_n,n,activo,0_0_0_0_n_n,n,activo,0_0_0_0_n_n,n,activo,0_0_0_0_n_n,n,activo,0_0_0_0_n_n,n,0,n,n
52,52,sebastian rojas,10,n,activo,500000,0,0,n,pppppnnnnnnnnnnnnnnnnnnnnnnnnnnnnnnnnnnnnnnnnnnnnn,nnnnnnnnnnnnnnnnnnnnnnnnnnnnnnnnnnnnnnnnnnnnnnnnnn,11111nnnnnnnnnnnnnnnnnnnnnnnnnnnnnnnnnnnnnnnnnnnnn,1,n,n,0,n,0,n,0,n,0,n,0,0,0,0,activo,0_0_0_0_n_n,n,activo,0_0_0_0_n_n,n,activo,0_0_0_0_n_n,n,activo,0_0_0_0_n_n,n,activo,0_0_0_0_n_n,n,activo,0_0_0_0_n_n,n,activo,0_0_0_0_n_n,n,activo,0_0_0_0_n_n,n,activo,0_0_0_0_n_n,n,activo,0_0_0_0_n_n,n,activo,0_0_0_0_n_n,n,activo,0_0_0_0_n_n,n,activo,0_0_0_0_n_n,n,activo,0_0_0_0_n_n,n,activo,0_0_0_0_n_n,n,activo,0_0_0_0_n_n,n,0,n,n
53,53,marina serrano,3,n,activo,120000,0,0,n,ppppnnnnnnnnnnnnnnnnnnnnnnnnnnnnnnnnnnnnnnnnnnnnnn,nnnnnnnnnnnnnnnnnnnnnnnnnnnnnnnnnnnnnnnnnnnnnnnnnn,1111nnnnnnnnnnnnnnnnnnnnnnnnnnnnnnnnnnnnnnnnnnnnnn,1,n,n,0,n,0,n,0,n,0,n,0,0,0,0,activo,0_0_0_0_n_n,n,activo,0_0_0_0_n_n,n,activo,0_0_0_0_n_n,n,activo,0_0_0_0_n_n,n,activo,0_0_0_0_n_n,n,activo,0_0_0_0_n_n,n,activo,0_0_0_0_n_n,n,activo,0_0_0_0_n_n,n,activo,0_0_0_0_n_n,n,activo,0_0_0_0_n_n,n,activo,0_0_0_0_n_n,n,activo,0_0_0_0_n_n,n,activo,0_0_0_0_n_n,n,activo,0_0_0_0_n_n,n,activo,0_0_0_0_n_n,n,activo,0_0_0_0_n_n,n,0,n,n
54,54,rosa hernandez,1,n,activo,10000,0,0,n,pnnnnnnnnnnnnnnnnnnnnnnnnnnnnnnnnnnnnnnnnnnnnnnnnn,nnnnnnnnnnnnnnnnnnnnnnnnnnnnnnnnnnnnnnnnnnnnnnnnnn,1nnnnnnnnnnnnnnnnnnnnnnnnnnnnnnnnnnnnnnnnnnnnnnnnn,1,n,n,0,n,0,n,0,n,0,n,0,0,0,0,activo,0_0_0_0_n_n,n,activo,0_0_0_0_n_n,n,activo,0_0_0_0_n_n,n,activo,0_0_0_0_n_n,n,activo,0_0_0_0_n_n,n,activo,0_0_0_0_n_n,n,activo,0_0_0_0_n_n,n,activo,0_0_0_0_n_n,n,activo,0_0_0_0_n_n,n,activo,0_0_0_0_n_n,n,activo,0_0_0_0_n_n,n,activo,0_0_0_0_n_n,n,activo,0_0_0_0_n_n,n,activo,0_0_0_0_n_n,n,activo,0_0_0_0_n_n,n,activo,0_0_0_0_n_n,n,0,n,n
55,55,jhon jairo moralez,2,n,activo,80000,0,0,n,ppppnnnnnnnnnnnnnnnnnnnnnnnnnnnnnnnnnnnnnnnnnnnnnn,nnnnnnnnnnnnnnnnnnnnnnnnnnnnnnnnnnnnnnnnnnnnnnnnnn,1111nnnnnnnnnnnnnnnnnnnnnnnnnnnnnnnnnnnnnnnnnnnnnn,1,n,n,0,n,0,n,0,n,0,n,0,0,0,0,activo,0_0_0_0_n_n,n,activo,0_0_0_0_n_n,n,activo,0_0_0_0_n_n,n,activo,0_0_0_0_n_n,n,activo,0_0_0_0_n_n,n,activo,0_0_0_0_n_n,n,activo,0_0_0_0_n_n,n,activo,0_0_0_0_n_n,n,activo,0_0_0_0_n_n,n,activo,0_0_0_0_n_n,n,activo,0_0_0_0_n_n,n,activo,0_0_0_0_n_n,n,activo,0_0_0_0_n_n,n,activo,0_0_0_0_n_n,n,activo,0_0_0_0_n_n,n,activo,0_0_0_0_n_n,n,0,n,n
56,56,sandra hernandez,33,n,activo,330000,0,0,n,pnnnnnnnnnnnnnnnnnnnnnnnnnnnnnnnnnnnnnnnnnnnnnnnnn,nnnnnnnnnnnnnnnnnnnnnnnnnnnnnnnnnnnnnnnnnnnnnnnnnn,1nnnnnnnnnnnnnnnnnnnnnnnnnnnnnnnnnnnnnnnnnnnnnnnnn,1,n,n,0,n,0,n,0,n,0,n,0,0,0,0,activo,0_0_0_0_n_n,n,activo,0_0_0_0_n_n,n,activo,0_0_0_0_n_n,n,activo,0_0_0_0_n_n,n,activo,0_0_0_0_n_n,n,activo,0_0_0_0_n_n,n,activo,0_0_0_0_n_n,n,activo,0_0_0_0_n_n,n,activo,0_0_0_0_n_n,n,activo,0_0_0_0_n_n,n,activo,0_0_0_0_n_n,n,activo,0_0_0_0_n_n,n,activo,0_0_0_0_n_n,n,activo,0_0_0_0_n_n,n,activo,0_0_0_0_n_n,n,activo,0_0_0_0_n_n,n,0,n,n
57,57,gilma mireya avila,2,n,activo,40000,0,0,n,ppnnnnnnnnnnnnnnnnnnnnnnnnnnnnnnnnnnnnnnnnnnnnnnnn,nnnnnnnnnnnnnnnnnnnnnnnnnnnnnnnnnnnnnnnnnnnnnnnnnn,11nnnnnnnnnnnnnnnnnnnnnnnnnnnnnnnnnnnnnnnnnnnnnnnn,1,n,n,0,n,0,n,0,n,0,n,0,0,0,0,activo,0_0_0_0_n_n,n,activo,0_0_0_0_n_n,n,activo,0_0_0_0_n_n,n,activo,0_0_0_0_n_n,n,activo,0_0_0_0_n_n,n,activo,0_0_0_0_n_n,n,activo,0_0_0_0_n_n,n,activo,0_0_0_0_n_n,n,activo,0_0_0_0_n_n,n,activo,0_0_0_0_n_n,n,activo,0_0_0_0_n_n,n,activo,0_0_0_0_n_n,n,activo,0_0_0_0_n_n,n,activo,0_0_0_0_n_n,n,activo,0_0_0_0_n_n,n,activo,0_0_0_0_n_n,n,0,n,n
58,58,sandra umaya,1,n,activo,20000,0,0,n,ppnnnnnnnnnnnnnnnnnnnnnnnnnnnnnnnnnnnnnnnnnnnnnnnn,nnnnnnnnnnnnnnnnnnnnnnnnnnnnnnnnnnnnnnnnnnnnnnnnnn,11nnnnnnnnnnnnnnnnnnnnnnnnnnnnnnnnnnnnnnnnnnnnnnnn,1,n,n,0,n,0,n,0,n,0,n,0,0,0,0,activo,0_0_0_0_n_n,n,activo,0_0_0_0_n_n,n,activo,0_0_0_0_n_n,n,activo,0_0_0_0_n_n,n,activo,0_0_0_0_n_n,n,activo,0_0_0_0_n_n,n,activo,0_0_0_0_n_n,n,activo,0_0_0_0_n_n,n,activo,0_0_0_0_n_n,n,activo,0_0_0_0_n_n,n,activo,0_0_0_0_n_n,n,activo,0_0_0_0_n_n,n,activo,0_0_0_0_n_n,n,activo,0_0_0_0_n_n,n,activo,0_0_0_0_n_n,n,activo,0_0_0_0_n_n,n,0,n,n
59,59,carmen boton ,4,n,activo,80000,0,0,n,ppnnnnnnnnnnnnnnnnnnnnnnnnnnnnnnnnnnnnnnnnnnnnnnnn,nnnnnnnnnnnnnnnnnnnnnnnnnnnnnnnnnnnnnnnnnnnnnnnnnn,11nnnnnnnnnnnnnnnnnnnnnnnnnnnnnnnnnnnnnnnnnnnnnnnn,1,n,n,0,n,0,n,0,n,0,n,0,0,0,0,activo,0_0_0_0_n_n,n,activo,0_0_0_0_n_n,n,activo,0_0_0_0_n_n,n,activo,0_0_0_0_n_n,n,activo,0_0_0_0_n_n,n,activo,0_0_0_0_n_n,n,activo,0_0_0_0_n_n,n,activo,0_0_0_0_n_n,n,activo,0_0_0_0_n_n,n,activo,0_0_0_0_n_n,n,activo,0_0_0_0_n_n,n,activo,0_0_0_0_n_n,n,activo,0_0_0_0_n_n,n,activo,0_0_0_0_n_n,n,activo,0_0_0_0_n_n,n,activo,0_0_0_0_n_n,n,0,n,n
60,60,alejandra ramirez,10,n,activo,100000,0,0,n,pnnnnnnnnnnnnnnnnnnnnnnnnnnnnnnnnnnnnnnnnnnnnnnnnn,nnnnnnnnnnnnnnnnnnnnnnnnnnnnnnnnnnnnnnnnnnnnnnnnnn,1nnnnnnnnnnnnnnnnnnnnnnnnnnnnnnnnnnnnnnnnnnnnnnnnn,1,n,n,0,n,0,n,0,n,0,n,0,0,0,0,activo,0_0_0_0_n_n,n,activo,0_0_0_0_n_n,n,activo,0_0_0_0_n_n,n,activo,0_0_0_0_n_n,n,activo,0_0_0_0_n_n,n,activo,0_0_0_0_n_n,n,activo,0_0_0_0_n_n,n,activo,0_0_0_0_n_n,n,activo,0_0_0_0_n_n,n,activo,0_0_0_0_n_n,n,activo,0_0_0_0_n_n,n,activo,0_0_0_0_n_n,n,activo,0_0_0_0_n_n,n,activo,0_0_0_0_n_n,n,activo,0_0_0_0_n_n,n,activo,0_0_0_0_n_n,n,0,n,n
61,61,martha moreno,20,n,activo,200000,0,0,n,pnnnnnnnnnnnnnnnnnnnnnnnnnnnnnnnnnnnnnnnnnnnnnnnnn,nnnnnnnnnnnnnnnnnnnnnnnnnnnnnnnnnnnnnnnnnnnnnnnnnn,1nnnnnnnnnnnnnnnnnnnnnnnnnnnnnnnnnnnnnnnnnnnnnnnnn,1,n,n,0,n,0,n,0,n,0,n,0,0,0,0,activo,0_0_0_0_n_n,n,activo,0_0_0_0_n_n,n,activo,0_0_0_0_n_n,n,activo,0_0_0_0_n_n,n,activo,0_0_0_0_n_n,n,activo,0_0_0_0_n_n,n,activo,0_0_0_0_n_n,n,activo,0_0_0_0_n_n,n,activo,0_0_0_0_n_n,n,activo,0_0_0_0_n_n,n,activo,0_0_0_0_n_n,n,activo,0_0_0_0_n_n,n,activo,0_0_0_0_n_n,n,activo,0_0_0_0_n_n,n,activo,0_0_0_0_n_n,n,activo,0_0_0_0_n_n,n,0,n,n
62,62,jaime  moreno,50,n,activo,500000,0,0,n,pnnnnnnnnnnnnnnnnnnnnnnnnnnnnnnnnnnnnnnnnnnnnnnnnn,nnnnnnnnnnnnnnnnnnnnnnnnnnnnnnnnnnnnnnnnnnnnnnnnnn,1nnnnnnnnnnnnnnnnnnnnnnnnnnnnnnnnnnnnnnnnnnnnnnnnn,1,n,n,0,n,0,n,0,n,0,n,0,0,0,0,activo,0_0_0_0_n_n,n,activo,0_0_0_0_n_n,n,activo,0_0_0_0_n_n,n,activo,0_0_0_0_n_n,n,activo,0_0_0_0_n_n,n,activo,0_0_0_0_n_n,n,activo,0_0_0_0_n_n,n,activo,0_0_0_0_n_n,n,activo,0_0_0_0_n_n,n,activo,0_0_0_0_n_n,n,activo,0_0_0_0_n_n,n,activo,0_0_0_0_n_n,n,activo,0_0_0_0_n_n,n,activo,0_0_0_0_n_n,n,activo,0_0_0_0_n_n,n,activo,0_0_0_0_n_n,n,0,n,n
63,63,blanca parada,8,n,activo,80000,0,0,n,pnnnnnnnnnnnnnnnnnnnnnnnnnnnnnnnnnnnnnnnnnnnnnnnnn,nnnnnnnnnnnnnnnnnnnnnnnnnnnnnnnnnnnnnnnnnnnnnnnnnn,1nnnnnnnnnnnnnnnnnnnnnnnnnnnnnnnnnnnnnnnnnnnnnnnnn,1,n,n,0,n,0,n,0,n,0,n,0,0,0,0,activo,0_0_0_0_n_n,n,activo,0_0_0_0_n_n,n,activo,0_0_0_0_n_n,n,activo,0_0_0_0_n_n,n,activo,0_0_0_0_n_n,n,activo,0_0_0_0_n_n,n,activo,0_0_0_0_n_n,n,activo,0_0_0_0_n_n,n,activo,0_0_0_0_n_n,n,activo,0_0_0_0_n_n,n,activo,0_0_0_0_n_n,n,activo,0_0_0_0_n_n,n,activo,0_0_0_0_n_n,n,activo,0_0_0_0_n_n,n,activo,0_0_0_0_n_n,n,activo,0_0_0_0_n_n,n,0,n,n
64,64,nury torres,2,n,activo,20000,0,0,n,pnnnnnnnnnnnnnnnnnnnnnnnnnnnnnnnnnnnnnnnnnnnnnnnnn,nnnnnnnnnnnnnnnnnnnnnnnnnnnnnnnnnnnnnnnnnnnnnnnnnn,1nnnnnnnnnnnnnnnnnnnnnnnnnnnnnnnnnnnnnnnnnnnnnnnnn,1,n,n,0,n,0,n,0,n,0,n,0,0,0,0,activo,0_0_0_0_n_n,n,activo,0_0_0_0_n_n,n,activo,0_0_0_0_n_n,n,activo,0_0_0_0_n_n,n,activo,0_0_0_0_n_n,n,activo,0_0_0_0_n_n,n,activo,0_0_0_0_n_n,n,activo,0_0_0_0_n_n,n,activo,0_0_0_0_n_n,n,activo,0_0_0_0_n_n,n,activo,0_0_0_0_n_n,n,activo,0_0_0_0_n_n,n,activo,0_0_0_0_n_n,n,activo,0_0_0_0_n_n,n,activo,0_0_0_0_n_n,n,activo,0_0_0_0_n_n,n,0,n,n
65,65,jorge ruiz,2,n,activo,20000,0,0,n,pnnnnnnnnnnnnnnnnnnnnnnnnnnnnnnnnnnnnnnnnnnnnnnnnn,nnnnnnnnnnnnnnnnnnnnnnnnnnnnnnnnnnnnnnnnnnnnnnnnnn,1nnnnnnnnnnnnnnnnnnnnnnnnnnnnnnnnnnnnnnnnnnnnnnnnn,1,n,n,0,n,0,n,0,n,0,n,0,0,0,0,activo,0_0_0_0_n_n,n,activo,0_0_0_0_n_n,n,activo,0_0_0_0_n_n,n,activo,0_0_0_0_n_n,n,activo,0_0_0_0_n_n,n,activo,0_0_0_0_n_n,n,activo,0_0_0_0_n_n,n,activo,0_0_0_0_n_n,n,activo,0_0_0_0_n_n,n,activo,0_0_0_0_n_n,n,activo,0_0_0_0_n_n,n,activo,0_0_0_0_n_n,n,activo,0_0_0_0_n_n,n,activo,0_0_0_0_n_n,n,activo,0_0_0_0_n_n,n,activo,0_0_0_0_n_n,n,0,n,n
66,66,martin guevara,5,n,activo,200000,0,0,n,ppppnnnnnnnnnnnnnnnnnnnnnnnnnnnnnnnnnnnnnnnnnnnnnn,nnnnnnnnnnnnnnnnnnnnnnnnnnnnnnnnnnnnnnnnnnnnnnnnnn,1111nnnnnnnnnnnnnnnnnnnnnnnnnnnnnnnnnnnnnnnnnnnnnn,1,n,n,0,n,0,n,0,n,0,n,0,0,0,0,activo,0_0_0_0_n_n,n,activo,0_0_0_0_n_n,n,activo,0_0_0_0_n_n,n,activo,0_0_0_0_n_n,n,activo,0_0_0_0_n_n,n,activo,0_0_0_0_n_n,n,activo,0_0_0_0_n_n,n,activo,0_0_0_0_n_n,n,activo,0_0_0_0_n_n,n,activo,0_0_0_0_n_n,n,activo,0_0_0_0_n_n,n,activo,0_0_0_0_n_n,n,activo,0_0_0_0_n_n,n,activo,0_0_0_0_n_n,n,activo,0_0_0_0_n_n,n,activo,0_0_0_0_n_n,n,0,n,n
67,67,nelson alvarez,20,n,activo,200000,0,0,n,pnnnnnnnnnnnnnnnnnnnnnnnnnnnnnnnnnnnnnnnnnnnnnnnnn,nnnnnnnnnnnnnnnnnnnnnnnnnnnnnnnnnnnnnnnnnnnnnnnnnn,1nnnnnnnnnnnnnnnnnnnnnnnnnnnnnnnnnnnnnnnnnnnnnnnnn,1,n,n,0,n,0,n,0,n,0,n,0,0,0,0,activo,0_0_0_0_n_n,n,activo,0_0_0_0_n_n,n,activo,0_0_0_0_n_n,n,activo,0_0_0_0_n_n,n,activo,0_0_0_0_n_n,n,activo,0_0_0_0_n_n,n,activo,0_0_0_0_n_n,n,activo,0_0_0_0_n_n,n,activo,0_0_0_0_n_n,n,activo,0_0_0_0_n_n,n,activo,0_0_0_0_n_n,n,activo,0_0_0_0_n_n,n,activo,0_0_0_0_n_n,n,activo,0_0_0_0_n_n,n,activo,0_0_0_0_n_n,n,activo,0_0_0_0_n_n,n,0,n,n
68,68,blanca lucia ovalle,20,n,activo,200000,0,0,n,pnnnnnnnnnnnnnnnnnnnnnnnnnnnnnnnnnnnnnnnnnnnnnnnnn,nnnnnnnnnnnnnnnnnnnnnnnnnnnnnnnnnnnnnnnnnnnnnnnnnn,1nnnnnnnnnnnnnnnnnnnnnnnnnnnnnnnnnnnnnnnnnnnnnnnnn,1,n,n,0,n,0,n,0,n,0,n,0,0,0,0,activo,0_0_0_0_n_n,n,activo,0_0_0_0_n_n,n,activo,0_0_0_0_n_n,n,activo,0_0_0_0_n_n,n,activo,0_0_0_0_n_n,n,activo,0_0_0_0_n_n,n,activo,0_0_0_0_n_n,n,activo,0_0_0_0_n_n,n,activo,0_0_0_0_n_n,n,activo,0_0_0_0_n_n,n,activo,0_0_0_0_n_n,n,activo,0_0_0_0_n_n,n,activo,0_0_0_0_n_n,n,activo,0_0_0_0_n_n,n,activo,0_0_0_0_n_n,n,activo,0_0_0_0_n_n,n,0,n,n
69,69,luz marina reyes,30,n,activo,900000,0,0,n,pppnnnnnnnnnnnnnnnnnnnnnnnnnnnnnnnnnnnnnnnnnnnnnnn,nnnnnnnnnnnnnnnnnnnnnnnnnnnnnnnnnnnnnnnnnnnnnnnnnn,111nnnnnnnnnnnnnnnnnnnnnnnnnnnnnnnnnnnnnnnnnnnnnnn,1,n,n,0,n,0,n,0,n,0,n,0,0,0,0,activo,0_0_0_0_n_n,n,activo,0_0_0_0_n_n,n,activo,0_0_0_0_n_n,n,activo,0_0_0_0_n_n,n,activo,0_0_0_0_n_n,n,activo,0_0_0_0_n_n,n,activo,0_0_0_0_n_n,n,activo,0_0_0_0_n_n,n,activo,0_0_0_0_n_n,n,activo,0_0_0_0_n_n,n,activo,0_0_0_0_n_n,n,activo,0_0_0_0_n_n,n,activo,0_0_0_0_n_n,n,activo,0_0_0_0_n_n,n,activo,0_0_0_0_n_n,n,activo,0_0_0_0_n_n,n,0,n,n
70,70,maria triana,3,n,activo,120000,0,0,n,ppppnnnnnnnnnnnnnnnnnnnnnnnnnnnnnnnnnnnnnnnnnnnnnn,nnnnnnnnnnnnnnnnnnnnnnnnnnnnnnnnnnnnnnnnnnnnnnnnnn,1111nnnnnnnnnnnnnnnnnnnnnnnnnnnnnnnnnnnnnnnnnnnnnn,1,n,n,0,n,0,n,0,n,0,n,0,0,0,0,activo,0_0_0_0_n_n,n,activo,0_0_0_0_n_n,n,activo,0_0_0_0_n_n,n,activo,0_0_0_0_n_n,n,activo,0_0_0_0_n_n,n,activo,0_0_0_0_n_n,n,activo,0_0_0_0_n_n,n,activo,0_0_0_0_n_n,n,activo,0_0_0_0_n_n,n,activo,0_0_0_0_n_n,n,activo,0_0_0_0_n_n,n,activo,0_0_0_0_n_n,n,activo,0_0_0_0_n_n,n,activo,0_0_0_0_n_n,n,activo,0_0_0_0_n_n,n,activo,0_0_0_0_n_n,n,0,n,n
71,71,karen barreto,5,n,activo,250000,0,0,n,pppppnnnnnnnnnnnnnnnnnnnnnnnnnnnnnnnnnnnnnnnnnnnnn,nnnnnnnnnnnnnnnnnnnnnnnnnnnnnnnnnnnnnnnnnnnnnnnnnn,11111nnnnnnnnnnnnnnnnnnnnnnnnnnnnnnnnnnnnnnnnnnnnn,1,n,n,0,n,0,n,0,n,0,n,0,0,0,0,activo,0_0_0_0_n_n,n,activo,0_0_0_0_n_n,n,activo,0_0_0_0_n_n,n,activo,0_0_0_0_n_n,n,activo,0_0_0_0_n_n,n,activo,0_0_0_0_n_n,n,activo,0_0_0_0_n_n,n,activo,0_0_0_0_n_n,n,activo,0_0_0_0_n_n,n,activo,0_0_0_0_n_n,n,activo,0_0_0_0_n_n,n,activo,0_0_0_0_n_n,n,activo,0_0_0_0_n_n,n,activo,0_0_0_0_n_n,n,activo,0_0_0_0_n_n,n,activo,0_0_0_0_n_n,n,0,n,n
72,72,katerin cardenas,6,n,activo,60000,0,0,n,pnnnnnnnnnnnnnnnnnnnnnnnnnnnnnnnnnnnnnnnnnnnnnnnnn,nnnnnnnnnnnnnnnnnnnnnnnnnnnnnnnnnnnnnnnnnnnnnnnnnn,1nnnnnnnnnnnnnnnnnnnnnnnnnnnnnnnnnnnnnnnnnnnnnnnnn,1,n,n,0,n,0,n,0,n,0,n,0,0,0,0,activo,0_0_0_0_n_n,n,activo,0_0_0_0_n_n,n,activo,0_0_0_0_n_n,n,activo,0_0_0_0_n_n,n,activo,0_0_0_0_n_n,n,activo,0_0_0_0_n_n,n,activo,0_0_0_0_n_n,n,activo,0_0_0_0_n_n,n,activo,0_0_0_0_n_n,n,activo,0_0_0_0_n_n,n,activo,0_0_0_0_n_n,n,activo,0_0_0_0_n_n,n,activo,0_0_0_0_n_n,n,activo,0_0_0_0_n_n,n,activo,0_0_0_0_n_n,n,activo,0_0_0_0_n_n,n,0,n,n
73,73,juan pablo cardenas,6,n,activo,60000,0,0,n,pnnnnnnnnnnnnnnnnnnnnnnnnnnnnnnnnnnnnnnnnnnnnnnnnn,nnnnnnnnnnnnnnnnnnnnnnnnnnnnnnnnnnnnnnnnnnnnnnnnnn,1nnnnnnnnnnnnnnnnnnnnnnnnnnnnnnnnnnnnnnnnnnnnnnnnn,1,n,n,0,n,0,n,0,n,0,n,0,0,0,0,activo,0_0_0_0_n_n,n,activo,0_0_0_0_n_n,n,activo,0_0_0_0_n_n,n,activo,0_0_0_0_n_n,n,activo,0_0_0_0_n_n,n,activo,0_0_0_0_n_n,n,activo,0_0_0_0_n_n,n,activo,0_0_0_0_n_n,n,activo,0_0_0_0_n_n,n,activo,0_0_0_0_n_n,n,activo,0_0_0_0_n_n,n,activo,0_0_0_0_n_n,n,activo,0_0_0_0_n_n,n,activo,0_0_0_0_n_n,n,activo,0_0_0_0_n_n,n,activo,0_0_0_0_n_n,n,0,n,n
74,74,andrea camacho,10,n,activo,100000,0,0,n,pnnnnnnnnnnnnnnnnnnnnnnnnnnnnnnnnnnnnnnnnnnnnnnnnn,nnnnnnnnnnnnnnnnnnnnnnnnnnnnnnnnnnnnnnnnnnnnnnnnnn,1nnnnnnnnnnnnnnnnnnnnnnnnnnnnnnnnnnnnnnnnnnnnnnnnn,1,n,n,0,n,0,n,0,n,0,n,0,0,0,0,activo,0_0_0_0_n_n,n,activo,0_0_0_0_n_n,n,activo,0_0_0_0_n_n,n,activo,0_0_0_0_n_n,n,activo,0_0_0_0_n_n,n,activo,0_0_0_0_n_n,n,activo,0_0_0_0_n_n,n,activo,0_0_0_0_n_n,n,activo,0_0_0_0_n_n,n,activo,0_0_0_0_n_n,n,activo,0_0_0_0_n_n,n,activo,0_0_0_0_n_n,n,activo,0_0_0_0_n_n,n,activo,0_0_0_0_n_n,n,activo,0_0_0_0_n_n,n,activo,0_0_0_0_n_n,n,0,n,n
75,75,ana maria carmona,4,n,activo,80000,0,0,n,ppnnnnnnnnnnnnnnnnnnnnnnnnnnnnnnnnnnnnnnnnnnnnnnnn,nnnnnnnnnnnnnnnnnnnnnnnnnnnnnnnnnnnnnnnnnnnnnnnnnn,11nnnnnnnnnnnnnnnnnnnnnnnnnnnnnnnnnnnnnnnnnnnnnnnn,1,n,n,0,n,0,n,0,n,0,n,0,0,0,0,activo,0_0_0_0_n_n,n,activo,0_0_0_0_n_n,n,activo,0_0_0_0_n_n,n,activo,0_0_0_0_n_n,n,activo,0_0_0_0_n_n,n,activo,0_0_0_0_n_n,n,activo,0_0_0_0_n_n,n,activo,0_0_0_0_n_n,n,activo,0_0_0_0_n_n,n,activo,0_0_0_0_n_n,n,activo,0_0_0_0_n_n,n,activo,0_0_0_0_n_n,n,activo,0_0_0_0_n_n,n,activo,0_0_0_0_n_n,n,activo,0_0_0_0_n_n,n,activo,0_0_0_0_n_n,n,0,n,n
76,76,robinso avila,37,n,activo,370000,0,0,n,pnnnnnnnnnnnnnnnnnnnnnnnnnnnnnnnnnnnnnnnnnnnnnnnnn,nnnnnnnnnnnnnnnnnnnnnnnnnnnnnnnnnnnnnnnnnnnnnnnnnn,1nnnnnnnnnnnnnnnnnnnnnnnnnnnnnnnnnnnnnnnnnnnnnnnnn,1,n,n,0,n,0,n,0,n,0,n,0,0,0,0,activo,0_0_0_0_n_n,n,activo,0_0_0_0_n_n,n,activo,0_0_0_0_n_n,n,activo,0_0_0_0_n_n,n,activo,0_0_0_0_n_n,n,activo,0_0_0_0_n_n,n,activo,0_0_0_0_n_n,n,activo,0_0_0_0_n_n,n,activo,0_0_0_0_n_n,n,activo,0_0_0_0_n_n,n,activo,0_0_0_0_n_n,n,activo,0_0_0_0_n_n,n,activo,0_0_0_0_n_n,n,activo,0_0_0_0_n_n,n,activo,0_0_0_0_n_n,n,activo,0_0_0_0_n_n,n,0,n,n
77,77,gladys hernandez,10,n,activo,500000,0,0,n,pppppnnnnnnnnnnnnnnnnnnnnnnnnnnnnnnnnnnnnnnnnnnnnn,nnnnnnnnnnnnnnnnnnnnnnnnnnnnnnnnnnnnnnnnnnnnnnnnnn,11111nnnnnnnnnnnnnnnnnnnnnnnnnnnnnnnnnnnnnnnnnnnnn,1,n,n,0,n,0,n,0,n,0,n,0,0,0,0,activo,0_0_0_0_n_n,n,activo,0_0_0_0_n_n,n,activo,0_0_0_0_n_n,n,activo,0_0_0_0_n_n,n,activo,0_0_0_0_n_n,n,activo,0_0_0_0_n_n,n,activo,0_0_0_0_n_n,n,activo,0_0_0_0_n_n,n,activo,0_0_0_0_n_n,n,activo,0_0_0_0_n_n,n,activo,0_0_0_0_n_n,n,activo,0_0_0_0_n_n,n,activo,0_0_0_0_n_n,n,activo,0_0_0_0_n_n,n,activo,0_0_0_0_n_n,n,activo,0_0_0_0_n_n,n,0,n,n
78,78,alejandra quevedo,20,n,activo,200000,0,0,n,pnnnnnnnnnnnnnnnnnnnnnnnnnnnnnnnnnnnnnnnnnnnnnnnnn,nnnnnnnnnnnnnnnnnnnnnnnnnnnnnnnnnnnnnnnnnnnnnnnnnn,1nnnnnnnnnnnnnnnnnnnnnnnnnnnnnnnnnnnnnnnnnnnnnnnnn,1,n,n,0,n,0,n,0,n,0,n,0,0,0,0,activo,0_0_0_0_n_n,n,activo,0_0_0_0_n_n,n,activo,0_0_0_0_n_n,n,activo,0_0_0_0_n_n,n,activo,0_0_0_0_n_n,n,activo,0_0_0_0_n_n,n,activo,0_0_0_0_n_n,n,activo,0_0_0_0_n_n,n,activo,0_0_0_0_n_n,n,activo,0_0_0_0_n_n,n,activo,0_0_0_0_n_n,n,activo,0_0_0_0_n_n,n,activo,0_0_0_0_n_n,n,activo,0_0_0_0_n_n,n,activo,0_0_0_0_n_n,n,activo,0_0_0_0_n_n,n,0,n,n
79,79,andrea quevedo,44,n,activo,440000,0,0,n,pnnnnnnnnnnnnnnnnnnnnnnnnnnnnnnnnnnnnnnnnnnnnnnnnn,nnnnnnnnnnnnnnnnnnnnnnnnnnnnnnnnnnnnnnnnnnnnnnnnnn,1nnnnnnnnnnnnnnnnnnnnnnnnnnnnnnnnnnnnnnnnnnnnnnnnn,1,n,n,0,n,0,n,0,n,0,n,0,0,0,0,activo,0_0_0_0_n_n,n,activo,0_0_0_0_n_n,n,activo,0_0_0_0_n_n,n,activo,0_0_0_0_n_n,n,activo,0_0_0_0_n_n,n,activo,0_0_0_0_n_n,n,activo,0_0_0_0_n_n,n,activo,0_0_0_0_n_n,n,activo,0_0_0_0_n_n,n,activo,0_0_0_0_n_n,n,activo,0_0_0_0_n_n,n,activo,0_0_0_0_n_n,n,activo,0_0_0_0_n_n,n,activo,0_0_0_0_n_n,n,activo,0_0_0_0_n_n,n,activo,0_0_0_0_n_n,n,0,n,n
80,80,jairo ruiz,2,n,activo,20000,0,0,n,pnnnnnnnnnnnnnnnnnnnnnnnnnnnnnnnnnnnnnnnnnnnnnnnnn,nnnnnnnnnnnnnnnnnnnnnnnnnnnnnnnnnnnnnnnnnnnnnnnnnn,1nnnnnnnnnnnnnnnnnnnnnnnnnnnnnnnnnnnnnnnnnnnnnnnnn,1,n,n,0,n,0,n,0,n,0,n,0,0,0,0,activo,0_0_0_0_n_n,n,activo,0_0_0_0_n_n,n,activo,0_0_0_0_n_n,n,activo,0_0_0_0_n_n,n,activo,0_0_0_0_n_n,n,activo,0_0_0_0_n_n,n,activo,0_0_0_0_n_n,n,activo,0_0_0_0_n_n,n,activo,0_0_0_0_n_n,n,activo,0_0_0_0_n_n,n,activo,0_0_0_0_n_n,n,activo,0_0_0_0_n_n,n,activo,0_0_0_0_n_n,n,activo,0_0_0_0_n_n,n,activo,0_0_0_0_n_n,n,activo,0_0_0_0_n_n,n,0,n,n
81,81,manuel quintero,4,n,activo,40000,0,0,n,pnnnnnnnnnnnnnnnnnnnnnnnnnnnnnnnnnnnnnnnnnnnnnnnnn,nnnnnnnnnnnnnnnnnnnnnnnnnnnnnnnnnnnnnnnnnnnnnnnnnn,1nnnnnnnnnnnnnnnnnnnnnnnnnnnnnnnnnnnnnnnnnnnnnnnnn,1,n,n,0,n,0,n,0,n,0,n,0,0,0,0,activo,0_0_0_0_n_n,n,activo,0_0_0_0_n_n,n,activo,0_0_0_0_n_n,n,activo,0_0_0_0_n_n,n,activo,0_0_0_0_n_n,n,activo,0_0_0_0_n_n,n,activo,0_0_0_0_n_n,n,activo,0_0_0_0_n_n,n,activo,0_0_0_0_n_n,n,activo,0_0_0_0_n_n,n,activo,0_0_0_0_n_n,n,activo,0_0_0_0_n_n,n,activo,0_0_0_0_n_n,n,activo,0_0_0_0_n_n,n,activo,0_0_0_0_n_n,n,activo,0_0_0_0_n_n,n,0,n,n
82,82,alberto granados,4,n,activo,200000,0,0,n,pppppnnnnnnnnnnnnnnnnnnnnnnnnnnnnnnnnnnnnnnnnnnnnn,nnnnnnnnnnnnnnnnnnnnnnnnnnnnnnnnnnnnnnnnnnnnnnnnnn,11111nnnnnnnnnnnnnnnnnnnnnnnnnnnnnnnnnnnnnnnnnnnnn,1,n,n,0,n,0,n,0,n,0,n,0,0,0,0,activo,0_0_0_0_n_n,n,activo,0_0_0_0_n_n,n,activo,0_0_0_0_n_n,n,activo,0_0_0_0_n_n,n,activo,0_0_0_0_n_n,n,activo,0_0_0_0_n_n,n,activo,0_0_0_0_n_n,n,activo,0_0_0_0_n_n,n,activo,0_0_0_0_n_n,n,activo,0_0_0_0_n_n,n,activo,0_0_0_0_n_n,n,activo,0_0_0_0_n_n,n,activo,0_0_0_0_n_n,n,activo,0_0_0_0_n_n,n,activo,0_0_0_0_n_n,n,activo,0_0_0_0_n_n,n,0,n,n
83,83,graciela sabala,20,n,activo,200000,0,0,n,pnnnnnnnnnnnnnnnnnnnnnnnnnnnnnnnnnnnnnnnnnnnnnnnnn,nnnnnnnnnnnnnnnnnnnnnnnnnnnnnnnnnnnnnnnnnnnnnnnnnn,1nnnnnnnnnnnnnnnnnnnnnnnnnnnnnnnnnnnnnnnnnnnnnnnnn,1,n,n,0,n,0,n,0,n,0,n,0,0,0,0,activo,0_0_0_0_n_n,n,activo,0_0_0_0_n_n,n,activo,0_0_0_0_n_n,n,activo,0_0_0_0_n_n,n,activo,0_0_0_0_n_n,n,activo,0_0_0_0_n_n,n,activo,0_0_0_0_n_n,n,activo,0_0_0_0_n_n,n,activo,0_0_0_0_n_n,n,activo,0_0_0_0_n_n,n,activo,0_0_0_0_n_n,n,activo,0_0_0_0_n_n,n,activo,0_0_0_0_n_n,n,activo,0_0_0_0_n_n,n,activo,0_0_0_0_n_n,n,activo,0_0_0_0_n_n,n,0,n,n
84,84,luz dary escobar,45,n,activo,450000,0,0,n,pnnnnnnnnnnnnnnnnnnnnnnnnnnnnnnnnnnnnnnnnnnnnnnnnn,nnnnnnnnnnnnnnnnnnnnnnnnnnnnnnnnnnnnnnnnnnnnnnnnnn,1nnnnnnnnnnnnnnnnnnnnnnnnnnnnnnnnnnnnnnnnnnnnnnnnn,1,n,n,0,n,0,n,0,n,0,n,0,0,0,0,activo,0_0_0_0_n_n,n,activo,0_0_0_0_n_n,n,activo,0_0_0_0_n_n,n,activo,0_0_0_0_n_n,n,activo,0_0_0_0_n_n,n,activo,0_0_0_0_n_n,n,activo,0_0_0_0_n_n,n,activo,0_0_0_0_n_n,n,activo,0_0_0_0_n_n,n,activo,0_0_0_0_n_n,n,activo,0_0_0_0_n_n,n,activo,0_0_0_0_n_n,n,activo,0_0_0_0_n_n,n,activo,0_0_0_0_n_n,n,activo,0_0_0_0_n_n,n,activo,0_0_0_0_n_n,n,0,n,n
85,85,edwin jimenez,50,n,activo,500000,0,0,n,pnnnnnnnnnnnnnnnnnnnnnnnnnnnnnnnnnnnnnnnnnnnnnnnnn,nnnnnnnnnnnnnnnnnnnnnnnnnnnnnnnnnnnnnnnnnnnnnnnnnn,1nnnnnnnnnnnnnnnnnnnnnnnnnnnnnnnnnnnnnnnnnnnnnnnnn,1,n,n,0,n,0,n,0,n,0,n,0,0,0,0,activo,0_0_0_0_n_n,n,activo,0_0_0_0_n_n,n,activo,0_0_0_0_n_n,n,activo,0_0_0_0_n_n,n,activo,0_0_0_0_n_n,n,activo,0_0_0_0_n_n,n,activo,0_0_0_0_n_n,n,activo,0_0_0_0_n_n,n,activo,0_0_0_0_n_n,n,activo,0_0_0_0_n_n,n,activo,0_0_0_0_n_n,n,activo,0_0_0_0_n_n,n,activo,0_0_0_0_n_n,n,activo,0_0_0_0_n_n,n,activo,0_0_0_0_n_n,n,activo,0_0_0_0_n_n,n,0,n,n
86,86,willian avila,15,n,activo,150000,0,0,n,pnnnnnnnnnnnnnnnnnnnnnnnnnnnnnnnnnnnnnnnnnnnnnnnnn,nnnnnnnnnnnnnnnnnnnnnnnnnnnnnnnnnnnnnnnnnnnnnnnnnn,1nnnnnnnnnnnnnnnnnnnnnnnnnnnnnnnnnnnnnnnnnnnnnnnnn,1,n,n,0,n,0,n,0,n,0,n,0,0,0,0,activo,0_0_0_0_n_n,n,activo,0_0_0_0_n_n,n,activo,0_0_0_0_n_n,n,activo,0_0_0_0_n_n,n,activo,0_0_0_0_n_n,n,activo,0_0_0_0_n_n,n,activo,0_0_0_0_n_n,n,activo,0_0_0_0_n_n,n,activo,0_0_0_0_n_n,n,activo,0_0_0_0_n_n,n,activo,0_0_0_0_n_n,n,activo,0_0_0_0_n_n,n,activo,0_0_0_0_n_n,n,activo,0_0_0_0_n_n,n,activo,0_0_0_0_n_n,n,activo,0_0_0_0_n_n,n,0,n,n
87,87,angela feo,10,n,activo,100000,0,0,n,pnnnnnnnnnnnnnnnnnnnnnnnnnnnnnnnnnnnnnnnnnnnnnnnnn,nnnnnnnnnnnnnnnnnnnnnnnnnnnnnnnnnnnnnnnnnnnnnnnnnn,1nnnnnnnnnnnnnnnnnnnnnnnnnnnnnnnnnnnnnnnnnnnnnnnnn,1,n,n,0,n,0,n,0,n,0,n,0,0,0,0,activo,0_0_0_0_n_n,n,activo,0_0_0_0_n_n,n,activo,0_0_0_0_n_n,n,activo,0_0_0_0_n_n,n,activo,0_0_0_0_n_n,n,activo,0_0_0_0_n_n,n,activo,0_0_0_0_n_n,n,activo,0_0_0_0_n_n,n,activo,0_0_0_0_n_n,n,activo,0_0_0_0_n_n,n,activo,0_0_0_0_n_n,n,activo,0_0_0_0_n_n,n,activo,0_0_0_0_n_n,n,activo,0_0_0_0_n_n,n,activo,0_0_0_0_n_n,n,activo,0_0_0_0_n_n,n,0,n,n
88,88,mayerly ramirez,8,n,activo,80000,0,0,n,pnnnnnnnnnnnnnnnnnnnnnnnnnnnnnnnnnnnnnnnnnnnnnnnnn,nnnnnnnnnnnnnnnnnnnnnnnnnnnnnnnnnnnnnnnnnnnnnnnnnn,1nnnnnnnnnnnnnnnnnnnnnnnnnnnnnnnnnnnnnnnnnnnnnnnnn,1,n,n,0,n,0,n,0,n,0,n,0,0,0,0,activo,0_0_0_0_n_n,n,activo,0_0_0_0_n_n,n,activo,0_0_0_0_n_n,n,activo,0_0_0_0_n_n,n,activo,0_0_0_0_n_n,n,activo,0_0_0_0_n_n,n,activo,0_0_0_0_n_n,n,activo,0_0_0_0_n_n,n,activo,0_0_0_0_n_n,n,activo,0_0_0_0_n_n,n,activo,0_0_0_0_n_n,n,activo,0_0_0_0_n_n,n,activo,0_0_0_0_n_n,n,activo,0_0_0_0_n_n,n,activo,0_0_0_0_n_n,n,activo,0_0_0_0_n_n,n,0,n,n
89,89,dany correa,8,n,activo,80000,0,0,n,pnnnnnnnnnnnnnnnnnnnnnnnnnnnnnnnnnnnnnnnnnnnnnnnnn,nnnnnnnnnnnnnnnnnnnnnnnnnnnnnnnnnnnnnnnnnnnnnnnnnn,1nnnnnnnnnnnnnnnnnnnnnnnnnnnnnnnnnnnnnnnnnnnnnnnnn,1,n,n,0,n,0,n,0,n,0,n,0,0,0,0,activo,0_0_0_0_n_n,n,activo,0_0_0_0_n_n,n,activo,0_0_0_0_n_n,n,activo,0_0_0_0_n_n,n,activo,0_0_0_0_n_n,n,activo,0_0_0_0_n_n,n,activo,0_0_0_0_n_n,n,activo,0_0_0_0_n_n,n,activo,0_0_0_0_n_n,n,activo,0_0_0_0_n_n,n,activo,0_0_0_0_n_n,n,activo,0_0_0_0_n_n,n,activo,0_0_0_0_n_n,n,activo,0_0_0_0_n_n,n,activo,0_0_0_0_n_n,n,activo,0_0_0_0_n_n,n,0,n,n
90,90,andre campi,50,n,activo,13000000,0,0,n,ppppppppppppppppppppppppppnnnnnnnnnnnnnnnnnnnnnnnn,nnnnnnnnnnnnnnnnnnnnnnnnnnnnnnnnnnnnnnnnnnnnnnnnnn,11111111111111111111111111nnnnnnnnnnnnnnnnnnnnnnnn,1,n,n,0,n,0,n,0,n,0,n,0,0,0,0,activo,0_0_0_0_n_n,n,activo,0_0_0_0_n_n,n,activo,0_0_0_0_n_n,n,activo,0_0_0_0_n_n,n,activo,0_0_0_0_n_n,n,activo,0_0_0_0_n_n,n,activo,0_0_0_0_n_n,n,activo,0_0_0_0_n_n,n,activo,0_0_0_0_n_n,n,activo,0_0_0_0_n_n,n,activo,0_0_0_0_n_n,n,activo,0_0_0_0_n_n,n,activo,0_0_0_0_n_n,n,activo,0_0_0_0_n_n,n,activo,0_0_0_0_n_n,n,activo,0_0_0_0_n_n,n,0,n,n
91,91,madison lopez,10,n,activo,200000,0,0,n,ppnnnnnnnnnnnnnnnnnnnnnnnnnnnnnnnnnnnnnnnnnnnnnnnn,nnnnnnnnnnnnnnnnnnnnnnnnnnnnnnnnnnnnnnnnnnnnnnnnnn,11nnnnnnnnnnnnnnnnnnnnnnnnnnnnnnnnnnnnnnnnnnnnnnnn,1,n,n,0,n,0,n,0,n,0,n,0,0,0,0,activo,0_0_0_0_n_n,n,activo,0_0_0_0_n_n,n,activo,0_0_0_0_n_n,n,activo,0_0_0_0_n_n,n,activo,0_0_0_0_n_n,n,activo,0_0_0_0_n_n,n,activo,0_0_0_0_n_n,n,activo,0_0_0_0_n_n,n,activo,0_0_0_0_n_n,n,activo,0_0_0_0_n_n,n,activo,0_0_0_0_n_n,n,activo,0_0_0_0_n_n,n,activo,0_0_0_0_n_n,n,activo,0_0_0_0_n_n,n,activo,0_0_0_0_n_n,n,activo,0_0_0_0_n_n,n,0,n,n
92,92,maria fernanda moya,4,n,activo,200000,0,0,n,pppppnnnnnnnnnnnnnnnnnnnnnnnnnnnnnnnnnnnnnnnnnnnnn,nnnnnnnnnnnnnnnnnnnnnnnnnnnnnnnnnnnnnnnnnnnnnnnnnn,11111nnnnnnnnnnnnnnnnnnnnnnnnnnnnnnnnnnnnnnnnnnnnn,1,n,n,0,n,0,n,0,n,0,n,0,0,0,0,activo,0_0_0_0_n_n,n,activo,0_0_0_0_n_n,n,activo,0_0_0_0_n_n,n,activo,0_0_0_0_n_n,n,activo,0_0_0_0_n_n,n,activo,0_0_0_0_n_n,n,activo,0_0_0_0_n_n,n,activo,0_0_0_0_n_n,n,activo,0_0_0_0_n_n,n,activo,0_0_0_0_n_n,n,activo,0_0_0_0_n_n,n,activo,0_0_0_0_n_n,n,activo,0_0_0_0_n_n,n,activo,0_0_0_0_n_n,n,activo,0_0_0_0_n_n,n,activo,0_0_0_0_n_n,n,0,n,n
93,93,jorge herrera,3,n,activo,60000,0,0,n,ppnnnnnnnnnnnnnnnnnnnnnnnnnnnnnnnnnnnnnnnnnnnnnnnn,nnnnnnnnnnnnnnnnnnnnnnnnnnnnnnnnnnnnnnnnnnnnnnnnnn,11nnnnnnnnnnnnnnnnnnnnnnnnnnnnnnnnnnnnnnnnnnnnnnnn,1,n,n,0,n,0,n,0,n,0,n,0,0,0,0,activo,0_0_0_0_n_n,n,activo,0_0_0_0_n_n,n,activo,0_0_0_0_n_n,n,activo,0_0_0_0_n_n,n,activo,0_0_0_0_n_n,n,activo,0_0_0_0_n_n,n,activo,0_0_0_0_n_n,n,activo,0_0_0_0_n_n,n,activo,0_0_0_0_n_n,n,activo,0_0_0_0_n_n,n,activo,0_0_0_0_n_n,n,activo,0_0_0_0_n_n,n,activo,0_0_0_0_n_n,n,activo,0_0_0_0_n_n,n,activo,0_0_0_0_n_n,n,activo,0_0_0_0_n_n,n,0,n,n
94,94,jairo ruiz,2,n,activo,40000,0,0,n,ppnnnnnnnnnnnnnnnnnnnnnnnnnnnnnnnnnnnnnnnnnnnnnnnn,nnnnnnnnnnnnnnnnnnnnnnnnnnnnnnnnnnnnnnnnnnnnnnnnnn,11nnnnnnnnnnnnnnnnnnnnnnnnnnnnnnnnnnnnnnnnnnnnnnnn,1,n,n,0,n,0,n,0,n,0,n,0,0,0,0,activo,0_0_0_0_n_n,n,activo,0_0_0_0_n_n,n,activo,0_0_0_0_n_n,n,activo,0_0_0_0_n_n,n,activo,0_0_0_0_n_n,n,activo,0_0_0_0_n_n,n,activo,0_0_0_0_n_n,n,activo,0_0_0_0_n_n,n,activo,0_0_0_0_n_n,n,activo,0_0_0_0_n_n,n,activo,0_0_0_0_n_n,n,activo,0_0_0_0_n_n,n,activo,0_0_0_0_n_n,n,activo,0_0_0_0_n_n,n,activo,0_0_0_0_n_n,n,activo,0_0_0_0_n_n,n,0,n,n
95,95,carlos cortes,5,n,activo,50000,0,0,n,pnnnnnnnnnnnnnnnnnnnnnnnnnnnnnnnnnnnnnnnnnnnnnnnnn,nnnnnnnnnnnnnnnnnnnnnnnnnnnnnnnnnnnnnnnnnnnnnnnnnn,1nnnnnnnnnnnnnnnnnnnnnnnnnnnnnnnnnnnnnnnnnnnnnnnnn,1,n,n,0,n,0,n,0,n,0,n,0,0,0,0,activo,0_0_0_0_n_n,n,activo,0_0_0_0_n_n,n,activo,0_0_0_0_n_n,n,activo,0_0_0_0_n_n,n,activo,0_0_0_0_n_n,n,activo,0_0_0_0_n_n,n,activo,0_0_0_0_n_n,n,activo,0_0_0_0_n_n,n,activo,0_0_0_0_n_n,n,activo,0_0_0_0_n_n,n,activo,0_0_0_0_n_n,n,activo,0_0_0_0_n_n,n,activo,0_0_0_0_n_n,n,activo,0_0_0_0_n_n,n,activo,0_0_0_0_n_n,n,activo,0_0_0_0_n_n,n,0,n,n
96,96,flor maria cortes,4,n,activo,40000,0,0,n,pnnnnnnnnnnnnnnnnnnnnnnnnnnnnnnnnnnnnnnnnnnnnnnnnn,nnnnnnnnnnnnnnnnnnnnnnnnnnnnnnnnnnnnnnnnnnnnnnnnnn,1nnnnnnnnnnnnnnnnnnnnnnnnnnnnnnnnnnnnnnnnnnnnnnnnn,1,n,n,0,n,0,n,0,n,0,n,0,0,0,0,activo,0_0_0_0_n_n,n,activo,0_0_0_0_n_n,n,activo,0_0_0_0_n_n,n,activo,0_0_0_0_n_n,n,activo,0_0_0_0_n_n,n,activo,0_0_0_0_n_n,n,activo,0_0_0_0_n_n,n,activo,0_0_0_0_n_n,n,activo,0_0_0_0_n_n,n,activo,0_0_0_0_n_n,n,activo,0_0_0_0_n_n,n,activo,0_0_0_0_n_n,n,activo,0_0_0_0_n_n,n,activo,0_0_0_0_n_n,n,activo,0_0_0_0_n_n,n,activo,0_0_0_0_n_n,n,0,n,n
97,97,carolina alzate,5,n,activo,200000,0,0,n,ppppnnnnnnnnnnnnnnnnnnnnnnnnnnnnnnnnnnnnnnnnnnnnnn,nnnnnnnnnnnnnnnnnnnnnnnnnnnnnnnnnnnnnnnnnnnnnnnnnn,1111nnnnnnnnnnnnnnnnnnnnnnnnnnnnnnnnnnnnnnnnnnnnnn,1,n,n,0,n,0,n,0,n,0,n,0,0,0,0,activo,0_0_0_0_n_n,n,activo,0_0_0_0_n_n,n,activo,0_0_0_0_n_n,n,activo,0_0_0_0_n_n,n,activo,0_0_0_0_n_n,n,activo,0_0_0_0_n_n,n,activo,0_0_0_0_n_n,n,activo,0_0_0_0_n_n,n,activo,0_0_0_0_n_n,n,activo,0_0_0_0_n_n,n,activo,0_0_0_0_n_n,n,activo,0_0_0_0_n_n,n,activo,0_0_0_0_n_n,n,activo,0_0_0_0_n_n,n,activo,0_0_0_0_n_n,n,activo,0_0_0_0_n_n,n,0,n,n
98,98,humberto navarrete,10,n,activo,300000,0,0,n,pppnnnnnnnnnnnnnnnnnnnnnnnnnnnnnnnnnnnnnnnnnnnnnnn,nnnnnnnnnnnnnnnnnnnnnnnnnnnnnnnnnnnnnnnnnnnnnnnnnn,111nnnnnnnnnnnnnnnnnnnnnnnnnnnnnnnnnnnnnnnnnnnnnnn,1,n,n,0,n,0,n,0,n,0,n,0,0,0,0,activo,0_0_0_0_n_n,n,activo,0_0_0_0_n_n,n,activo,0_0_0_0_n_n,n,activo,0_0_0_0_n_n,n,activo,0_0_0_0_n_n,n,activo,0_0_0_0_n_n,n,activo,0_0_0_0_n_n,n,activo,0_0_0_0_n_n,n,activo,0_0_0_0_n_n,n,activo,0_0_0_0_n_n,n,activo,0_0_0_0_n_n,n,activo,0_0_0_0_n_n,n,activo,0_0_0_0_n_n,n,activo,0_0_0_0_n_n,n,activo,0_0_0_0_n_n,n,activo,0_0_0_0_n_n,n,0,n,n
99,99,jhon edison castiblanco,8,n,activo,80000,0,0,n,pnnnnnnnnnnnnnnnnnnnnnnnnnnnnnnnnnnnnnnnnnnnnnnnnn,nnnnnnnnnnnnnnnnnnnnnnnnnnnnnnnnnnnnnnnnnnnnnnnnnn,1nnnnnnnnnnnnnnnnnnnnnnnnnnnnnnnnnnnnnnnnnnnnnnnnn,1,n,n,0,n,0,n,0,n,0,n,0,0,0,0,activo,0_0_0_0_n_n,n,activo,0_0_0_0_n_n,n,activo,0_0_0_0_n_n,n,activo,0_0_0_0_n_n,n,activo,0_0_0_0_n_n,n,activo,0_0_0_0_n_n,n,activo,0_0_0_0_n_n,n,activo,0_0_0_0_n_n,n,activo,0_0_0_0_n_n,n,activo,0_0_0_0_n_n,n,activo,0_0_0_0_n_n,n,activo,0_0_0_0_n_n,n,activo,0_0_0_0_n_n,n,activo,0_0_0_0_n_n,n,activo,0_0_0_0_n_n,n,activo,0_0_0_0_n_n,n,0,n,n
100,100,elisa rojas,10,n,activo,100000,0,0,n,pnnnnnnnnnnnnnnnnnnnnnnnnnnnnnnnnnnnnnnnnnnnnnnnnn,nnnnnnnnnnnnnnnnnnnnnnnnnnnnnnnnnnnnnnnnnnnnnnnnnn,1nnnnnnnnnnnnnnnnnnnnnnnnnnnnnnnnnnnnnnnnnnnnnnnnn,1,n,n,0,n,0,n,0,n,0,n,0,0,0,0,activo,0_0_0_0_n_n,n,activo,0_0_0_0_n_n,n,activo,0_0_0_0_n_n,n,activo,0_0_0_0_n_n,n,activo,0_0_0_0_n_n,n,activo,0_0_0_0_n_n,n,activo,0_0_0_0_n_n,n,activo,0_0_0_0_n_n,n,activo,0_0_0_0_n_n,n,activo,0_0_0_0_n_n,n,activo,0_0_0_0_n_n,n,activo,0_0_0_0_n_n,n,activo,0_0_0_0_n_n,n,activo,0_0_0_0_n_n,n,activo,0_0_0_0_n_n,n,activo,0_0_0_0_n_n,n,0,n,n
101,101,elkin rodriguez,3,n,activo,60000,0,0,n,ppnnnnnnnnnnnnnnnnnnnnnnnnnnnnnnnnnnnnnnnnnnnnnnnn,nnnnnnnnnnnnnnnnnnnnnnnnnnnnnnnnnnnnnnnnnnnnnnnnnn,11nnnnnnnnnnnnnnnnnnnnnnnnnnnnnnnnnnnnnnnnnnnnnnnn,1,n,n,0,n,0,n,0,n,0,n,0,0,0,0,activo,0_0_0_0_n_n,n,activo,0_0_0_0_n_n,n,activo,0_0_0_0_n_n,n,activo,0_0_0_0_n_n,n,activo,0_0_0_0_n_n,n,activo,0_0_0_0_n_n,n,activo,0_0_0_0_n_n,n,activo,0_0_0_0_n_n,n,activo,0_0_0_0_n_n,n,activo,0_0_0_0_n_n,n,activo,0_0_0_0_n_n,n,activo,0_0_0_0_n_n,n,activo,0_0_0_0_n_n,n,activo,0_0_0_0_n_n,n,activo,0_0_0_0_n_n,n,activo,0_0_0_0_n_n,n,0,n,n
102,102,ruben hernandez,5,n,activo,50000,0,0,n,pnnnnnnnnnnnnnnnnnnnnnnnnnnnnnnnnnnnnnnnnnnnnnnnnn,nnnnnnnnnnnnnnnnnnnnnnnnnnnnnnnnnnnnnnnnnnnnnnnnnn,1nnnnnnnnnnnnnnnnnnnnnnnnnnnnnnnnnnnnnnnnnnnnnnnnn,1,n,n,0,n,0,n,0,n,0,n,0,0,0,0,activo,0_0_0_0_n_n,n,activo,0_0_0_0_n_n,n,activo,0_0_0_0_n_n,n,activo,0_0_0_0_n_n,n,activo,0_0_0_0_n_n,n,activo,0_0_0_0_n_n,n,activo,0_0_0_0_n_n,n,activo,0_0_0_0_n_n,n,activo,0_0_0_0_n_n,n,activo,0_0_0_0_n_n,n,activo,0_0_0_0_n_n,n,activo,0_0_0_0_n_n,n,activo,0_0_0_0_n_n,n,activo,0_0_0_0_n_n,n,activo,0_0_0_0_n_n,n,activo,0_0_0_0_n_n,n,0,n,n
103,103,angela barreto,6,n,activo,60000,0,0,n,pnnnnnnnnnnnnnnnnnnnnnnnnnnnnnnnnnnnnnnnnnnnnnnnnn,nnnnnnnnnnnnnnnnnnnnnnnnnnnnnnnnnnnnnnnnnnnnnnnnnn,1nnnnnnnnnnnnnnnnnnnnnnnnnnnnnnnnnnnnnnnnnnnnnnnnn,1,n,n,0,n,0,n,0,n,0,n,0,0,0,0,activo,0_0_0_0_n_n,n,activo,0_0_0_0_n_n,n,activo,0_0_0_0_n_n,n,activo,0_0_0_0_n_n,n,activo,0_0_0_0_n_n,n,activo,0_0_0_0_n_n,n,activo,0_0_0_0_n_n,n,activo,0_0_0_0_n_n,n,activo,0_0_0_0_n_n,n,activo,0_0_0_0_n_n,n,activo,0_0_0_0_n_n,n,activo,0_0_0_0_n_n,n,activo,0_0_0_0_n_n,n,activo,0_0_0_0_n_n,n,activo,0_0_0_0_n_n,n,activo,0_0_0_0_n_n,n,0,n,n
104,104,hector bentran,26,n,activo,1300000,0,0,n,pppppnnnnnnnnnnnnnnnnnnnnnnnnnnnnnnnnnnnnnnnnnnnnn,nnnnnnnnnnnnnnnnnnnnnnnnnnnnnnnnnnnnnnnnnnnnnnnnnn,11111nnnnnnnnnnnnnnnnnnnnnnnnnnnnnnnnnnnnnnnnnnnnn,1,n,n,0,n,0,n,0,n,0,n,0,0,0,0,activo,0_0_0_0_n_n,n,activo,0_0_0_0_n_n,n,activo,0_0_0_0_n_n,n,activo,0_0_0_0_n_n,n,activo,0_0_0_0_n_n,n,activo,0_0_0_0_n_n,n,activo,0_0_0_0_n_n,n,activo,0_0_0_0_n_n,n,activo,0_0_0_0_n_n,n,activo,0_0_0_0_n_n,n,activo,0_0_0_0_n_n,n,activo,0_0_0_0_n_n,n,activo,0_0_0_0_n_n,n,activo,0_0_0_0_n_n,n,activo,0_0_0_0_n_n,n,activo,0_0_0_0_n_n,n,0,n,n
105,105,nuvia garcia,20,n,activo,1000000,0,0,n,pppppnnnnnnnnnnnnnnnnnnnnnnnnnnnnnnnnnnnnnnnnnnnnn,nnnnnnnnnnnnnnnnnnnnnnnnnnnnnnnnnnnnnnnnnnnnnnnnnn,11111nnnnnnnnnnnnnnnnnnnnnnnnnnnnnnnnnnnnnnnnnnnnn,1,n,n,0,n,0,n,0,n,0,n,0,0,0,0,activo,0_0_0_0_n_n,n,activo,0_0_0_0_n_n,n,activo,0_0_0_0_n_n,n,activo,0_0_0_0_n_n,n,activo,0_0_0_0_n_n,n,activo,0_0_0_0_n_n,n,activo,0_0_0_0_n_n,n,activo,0_0_0_0_n_n,n,activo,0_0_0_0_n_n,n,activo,0_0_0_0_n_n,n,activo,0_0_0_0_n_n,n,activo,0_0_0_0_n_n,n,activo,0_0_0_0_n_n,n,activo,0_0_0_0_n_n,n,activo,0_0_0_0_n_n,n,activo,0_0_0_0_n_n,n,0,n,n
106,106,luz emilse castiblanco,2,n,activo,20000,0,0,n,pnnnnnnnnnnnnnnnnnnnnnnnnnnnnnnnnnnnnnnnnnnnnnnnnn,nnnnnnnnnnnnnnnnnnnnnnnnnnnnnnnnnnnnnnnnnnnnnnnnnn,1nnnnnnnnnnnnnnnnnnnnnnnnnnnnnnnnnnnnnnnnnnnnnnnnn,1,n,n,0,n,0,n,0,n,0,n,0,0,0,0,activo,0_0_0_0_n_n,n,activo,0_0_0_0_n_n,n,activo,0_0_0_0_n_n,n,activo,0_0_0_0_n_n,n,activo,0_0_0_0_n_n,n,activo,0_0_0_0_n_n,n,activo,0_0_0_0_n_n,n,activo,0_0_0_0_n_n,n,activo,0_0_0_0_n_n,n,activo,0_0_0_0_n_n,n,activo,0_0_0_0_n_n,n,activo,0_0_0_0_n_n,n,activo,0_0_0_0_n_n,n,activo,0_0_0_0_n_n,n,activo,0_0_0_0_n_n,n,activo,0_0_0_0_n_n,n,0,n,n
107,107,lucero avila,3,n,activo,150000,0,0,n,pppppnnnnnnnnnnnnnnnnnnnnnnnnnnnnnnnnnnnnnnnnnnnnn,nnnnnnnnnnnnnnnnnnnnnnnnnnnnnnnnnnnnnnnnnnnnnnnnnn,11111nnnnnnnnnnnnnnnnnnnnnnnnnnnnnnnnnnnnnnnnnnnnn,1,n,n,0,n,0,n,0,n,0,n,0,0,0,0,activo,0_0_0_0_n_n,n,activo,0_0_0_0_n_n,n,activo,0_0_0_0_n_n,n,activo,0_0_0_0_n_n,n,activo,0_0_0_0_n_n,n,activo,0_0_0_0_n_n,n,activo,0_0_0_0_n_n,n,activo,0_0_0_0_n_n,n,activo,0_0_0_0_n_n,n,activo,0_0_0_0_n_n,n,activo,0_0_0_0_n_n,n,activo,0_0_0_0_n_n,n,activo,0_0_0_0_n_n,n,activo,0_0_0_0_n_n,n,activo,0_0_0_0_n_n,n,activo,0_0_0_0_n_n,n,0,n,n
108,108,luz mary chavez,5,n,activo,200000,0,0,n,ppppnnnnnnnnnnnnnnnnnnnnnnnnnnnnnnnnnnnnnnnnnnnnnn,nnnnnnnnnnnnnnnnnnnnnnnnnnnnnnnnnnnnnnnnnnnnnnnnnn,1111nnnnnnnnnnnnnnnnnnnnnnnnnnnnnnnnnnnnnnnnnnnnnn,1,n,n,0,n,0,n,0,n,0,n,0,0,0,0,activo,0_0_0_0_n_n,n,activo,0_0_0_0_n_n,n,activo,0_0_0_0_n_n,n,activo,0_0_0_0_n_n,n,activo,0_0_0_0_n_n,n,activo,0_0_0_0_n_n,n,activo,0_0_0_0_n_n,n,activo,0_0_0_0_n_n,n,activo,0_0_0_0_n_n,n,activo,0_0_0_0_n_n,n,activo,0_0_0_0_n_n,n,activo,0_0_0_0_n_n,n,activo,0_0_0_0_n_n,n,activo,0_0_0_0_n_n,n,activo,0_0_0_0_n_n,n,activo,0_0_0_0_n_n,n,0,n,n
109,109,martha mendoza,3,n,activo,30000,0,0,n,pnnnnnnnnnnnnnnnnnnnnnnnnnnnnnnnnnnnnnnnnnnnnnnnnn,nnnnnnnnnnnnnnnnnnnnnnnnnnnnnnnnnnnnnnnnnnnnnnnnnn,1nnnnnnnnnnnnnnnnnnnnnnnnnnnnnnnnnnnnnnnnnnnnnnnnn,1,n,n,0,n,0,n,0,n,0,n,0,0,0,0,activo,0_0_0_0_n_n,n,activo,0_0_0_0_n_n,n,activo,0_0_0_0_n_n,n,activo,0_0_0_0_n_n,n,activo,0_0_0_0_n_n,n,activo,0_0_0_0_n_n,n,activo,0_0_0_0_n_n,n,activo,0_0_0_0_n_n,n,activo,0_0_0_0_n_n,n,activo,0_0_0_0_n_n,n,activo,0_0_0_0_n_n,n,activo,0_0_0_0_n_n,n,activo,0_0_0_0_n_n,n,activo,0_0_0_0_n_n,n,activo,0_0_0_0_n_n,n,activo,0_0_0_0_n_n,n,0,n,n
110,110,dolores delgado,10,n,activo,100000,0,0,n,pnnnnnnnnnnnnnnnnnnnnnnnnnnnnnnnnnnnnnnnnnnnnnnnnn,nnnnnnnnnnnnnnnnnnnnnnnnnnnnnnnnnnnnnnnnnnnnnnnnnn,1nnnnnnnnnnnnnnnnnnnnnnnnnnnnnnnnnnnnnnnnnnnnnnnnn,1,n,n,0,n,0,n,0,n,0,n,0,0,0,0,activo,0_0_0_0_n_n,n,activo,0_0_0_0_n_n,n,activo,0_0_0_0_n_n,n,activo,0_0_0_0_n_n,n,activo,0_0_0_0_n_n,n,activo,0_0_0_0_n_n,n,activo,0_0_0_0_n_n,n,activo,0_0_0_0_n_n,n,activo,0_0_0_0_n_n,n,activo,0_0_0_0_n_n,n,activo,0_0_0_0_n_n,n,activo,0_0_0_0_n_n,n,activo,0_0_0_0_n_n,n,activo,0_0_0_0_n_n,n,activo,0_0_0_0_n_n,n,activo,0_0_0_0_n_n,n,0,n,n
111,111,andrea zamorano,12,n,activo,120000,0,0,n,pnnnnnnnnnnnnnnnnnnnnnnnnnnnnnnnnnnnnnnnnnnnnnnnnn,nnnnnnnnnnnnnnnnnnnnnnnnnnnnnnnnnnnnnnnnnnnnnnnnnn,1nnnnnnnnnnnnnnnnnnnnnnnnnnnnnnnnnnnnnnnnnnnnnnnnn,1,n,n,0,n,0,n,0,n,0,n,0,0,0,0,activo,0_0_0_0_n_n,n,activo,0_0_0_0_n_n,n,activo,0_0_0_0_n_n,n,activo,0_0_0_0_n_n,n,activo,0_0_0_0_n_n,n,activo,0_0_0_0_n_n,n,activo,0_0_0_0_n_n,n,activo,0_0_0_0_n_n,n,activo,0_0_0_0_n_n,n,activo,0_0_0_0_n_n,n,activo,0_0_0_0_n_n,n,activo,0_0_0_0_n_n,n,activo,0_0_0_0_n_n,n,activo,0_0_0_0_n_n,n,activo,0_0_0_0_n_n,n,activo,0_0_0_0_n_n,n,0,n,n
112,112,diana romero,3,n,activo,120000,0,0,n,ppppnnnnnnnnnnnnnnnnnnnnnnnnnnnnnnnnnnnnnnnnnnnnnn,nnnnnnnnnnnnnnnnnnnnnnnnnnnnnnnnnnnnnnnnnnnnnnnnnn,1111nnnnnnnnnnnnnnnnnnnnnnnnnnnnnnnnnnnnnnnnnnnnnn,1,n,n,0,n,0,n,0,n,0,n,0,0,0,0,activo,0_0_0_0_n_n,n,activo,0_0_0_0_n_n,n,activo,0_0_0_0_n_n,n,activo,0_0_0_0_n_n,n,activo,0_0_0_0_n_n,n,activo,0_0_0_0_n_n,n,activo,0_0_0_0_n_n,n,activo,0_0_0_0_n_n,n,activo,0_0_0_0_n_n,n,activo,0_0_0_0_n_n,n,activo,0_0_0_0_n_n,n,activo,0_0_0_0_n_n,n,activo,0_0_0_0_n_n,n,activo,0_0_0_0_n_n,n,activo,0_0_0_0_n_n,n,activo,0_0_0_0_n_n,n,0,n,n
113,113,orlando galindo,5,n,activo,200000,0,0,n,ppppnnnnnnnnnnnnnnnnnnnnnnnnnnnnnnnnnnnnnnnnnnnnnn,nnnnnnnnnnnnnnnnnnnnnnnnnnnnnnnnnnnnnnnnnnnnnnnnnn,1111nnnnnnnnnnnnnnnnnnnnnnnnnnnnnnnnnnnnnnnnnnnnnn,1,n,n,0,n,0,n,0,n,0,n,0,0,0,0,activo,0_0_0_0_n_n,n,activo,0_0_0_0_n_n,n,activo,0_0_0_0_n_n,n,activo,0_0_0_0_n_n,n,activo,0_0_0_0_n_n,n,activo,0_0_0_0_n_n,n,activo,0_0_0_0_n_n,n,activo,0_0_0_0_n_n,n,activo,0_0_0_0_n_n,n,activo,0_0_0_0_n_n,n,activo,0_0_0_0_n_n,n,activo,0_0_0_0_n_n,n,activo,0_0_0_0_n_n,n,activo,0_0_0_0_n_n,n,activo,0_0_0_0_n_n,n,activo,0_0_0_0_n_n,n,0,n,n
114,114,luz guerrero,10,n,activo,100000,0,0,n,pnnnnnnnnnnnnnnnnnnnnnnnnnnnnnnnnnnnnnnnnnnnnnnnnn,nnnnnnnnnnnnnnnnnnnnnnnnnnnnnnnnnnnnnnnnnnnnnnnnnn,1nnnnnnnnnnnnnnnnnnnnnnnnnnnnnnnnnnnnnnnnnnnnnnnnn,1,n,n,0,n,0,n,0,n,0,n,0,0,0,0,activo,0_0_0_0_n_n,n,activo,0_0_0_0_n_n,n,activo,0_0_0_0_n_n,n,activo,0_0_0_0_n_n,n,activo,0_0_0_0_n_n,n,activo,0_0_0_0_n_n,n,activo,0_0_0_0_n_n,n,activo,0_0_0_0_n_n,n,activo,0_0_0_0_n_n,n,activo,0_0_0_0_n_n,n,activo,0_0_0_0_n_n,n,activo,0_0_0_0_n_n,n,activo,0_0_0_0_n_n,n,activo,0_0_0_0_n_n,n,activo,0_0_0_0_n_n,n,activo,0_0_0_0_n_n,n,0,n,n
115,115,diana bernal,5,n,activo,200000,0,0,n,ppppnnnnnnnnnnnnnnnnnnnnnnnnnnnnnnnnnnnnnnnnnnnnnn,nnnnnnnnnnnnnnnnnnnnnnnnnnnnnnnnnnnnnnnnnnnnnnnnnn,1111nnnnnnnnnnnnnnnnnnnnnnnnnnnnnnnnnnnnnnnnnnnnnn,1,n,n,0,n,0,n,0,n,0,n,0,0,0,0,activo,0_0_0_0_n_n,n,activo,0_0_0_0_n_n,n,activo,0_0_0_0_n_n,n,activo,0_0_0_0_n_n,n,activo,0_0_0_0_n_n,n,activo,0_0_0_0_n_n,n,activo,0_0_0_0_n_n,n,activo,0_0_0_0_n_n,n,activo,0_0_0_0_n_n,n,activo,0_0_0_0_n_n,n,activo,0_0_0_0_n_n,n,activo,0_0_0_0_n_n,n,activo,0_0_0_0_n_n,n,activo,0_0_0_0_n_n,n,activo,0_0_0_0_n_n,n,activo,0_0_0_0_n_n,n,0,n,n
116,116,javier eduardo  talero,2,n,activo,40000,0,0,n,ppnnnnnnnnnnnnnnnnnnnnnnnnnnnnnnnnnnnnnnnnnnnnnnnn,nnnnnnnnnnnnnnnnnnnnnnnnnnnnnnnnnnnnnnnnnnnnnnnnnn,11nnnnnnnnnnnnnnnnnnnnnnnnnnnnnnnnnnnnnnnnnnnnnnnn,1,n,n,0,n,0,n,0,n,0,n,0,0,0,0,activo,0_0_0_0_n_n,n,activo,0_0_0_0_n_n,n,activo,0_0_0_0_n_n,n,activo,0_0_0_0_n_n,n,activo,0_0_0_0_n_n,n,activo,0_0_0_0_n_n,n,activo,0_0_0_0_n_n,n,activo,0_0_0_0_n_n,n,activo,0_0_0_0_n_n,n,activo,0_0_0_0_n_n,n,activo,0_0_0_0_n_n,n,activo,0_0_0_0_n_n,n,activo,0_0_0_0_n_n,n,activo,0_0_0_0_n_n,n,activo,0_0_0_0_n_n,n,activo,0_0_0_0_n_n,n,0,n,n
117,117,maria eugenia delgado,5,n,activo,50000,0,0,n,pnnnnnnnnnnnnnnnnnnnnnnnnnnnnnnnnnnnnnnnnnnnnnnnnn,nnnnnnnnnnnnnnnnnnnnnnnnnnnnnnnnnnnnnnnnnnnnnnnnnn,1nnnnnnnnnnnnnnnnnnnnnnnnnnnnnnnnnnnnnnnnnnnnnnnnn,1,n,n,0,n,0,n,0,n,0,n,0,0,0,0,activo,0_0_0_0_n_n,n,activo,0_0_0_0_n_n,n,activo,0_0_0_0_n_n,n,activo,0_0_0_0_n_n,n,activo,0_0_0_0_n_n,n,activo,0_0_0_0_n_n,n,activo,0_0_0_0_n_n,n,activo,0_0_0_0_n_n,n,activo,0_0_0_0_n_n,n,activo,0_0_0_0_n_n,n,activo,0_0_0_0_n_n,n,activo,0_0_0_0_n_n,n,activo,0_0_0_0_n_n,n,activo,0_0_0_0_n_n,n,activo,0_0_0_0_n_n,n,activo,0_0_0_0_n_n,n,0,n,n
118,118,luz mila castañeda,5,3223212918,activo,100000,0,0,n,ppnnnnnnnnnnnnnnnnnnnnnnnnnnnnnnnnnnnnnnnnnnnnnnnn,nnnnnnnnnnnnnnnnnnnnnnnnnnnnnnnnnnnnnnnnnnnnnnnnnn,11nnnnnnnnnnnnnnnnnnnnnnnnnnnnnnnnnnnnnnnnnnnnnnnn,1,n,n,0,n,0,n,0,n,0,n,0,0,0,0,activo,0_0_0_0_n_n,n,activo,0_0_0_0_n_n,n,activo,0_0_0_0_n_n,n,activo,0_0_0_0_n_n,n,activo,0_0_0_0_n_n,n,activo,0_0_0_0_n_n,n,activo,0_0_0_0_n_n,n,activo,0_0_0_0_n_n,n,activo,0_0_0_0_n_n,n,activo,0_0_0_0_n_n,n,activo,0_0_0_0_n_n,n,activo,0_0_0_0_n_n,n,activo,0_0_0_0_n_n,n,activo,0_0_0_0_n_n,n,activo,0_0_0_0_n_n,n,activo,0_0_0_0_n_n,n,0,n,n
